owner,project,sha,sha-p,year,language,cve_id,cwe_id,score,severity
pfsense,pfsense,002bc4ab3268e6e5cb3a01ce73a4c1624d09050a,d6a0379d291f5e98500776618559343f40254e40,2010,php,,CWE-77,,
nextcloud,server,0074062b5329c3d43679909fddce2d70608a4475,5c6a7172cafc395d38c58d1b5afd6b36efb33ad5,2012,php,,CWE-79,,
nextcloud,server,0241ddc759f7e2d2695c4626df5d2ac27b8b1d90,c2e2c59ca7aa873bd07de04ea701a8b351383aec,2014,php,,CWE-384,,
mantisbt,mantisbt,00b4c17088fa56594d85fe46b6c6057bb3421102,b72fdaeb7cb8786401faab520d43092c8bdb44aa,2014,php,CVE-2014-1608,CWE-89,7.5,HIGH
splitbrain,dokuwiki,02b0b681935185a1c4d2d64e76fe499f3d438d12,10ffc9dd6a89562ef502baa21f968cf269fe21b0,2006,php,,CWE-79,,
openstack,nova,034762e8060dcf0a11cb039b9d426b0d0bb1801d,b91d2fc02d927066ed0fe21439ccb7548de4138f,2012,py,CVE-2012-3371,CWE-20,3.5,LOW
php,php-src,03964892c054d0c736414c10b3edc7a40318b975,64043cb9e5d8bc5af719678893e38ee0290e0c0a,2015,c,,CWE-624,,
realm,realm-cocoa,04ca766cbbdec1ba417f90f038c9376170edbc12,8ceae74eb169a98676da084b7e1667d51c765bc2,2015,mm,,CWE-664,,
mattpass,ICEcoder,05de070294681745bdc5c54b336dd48083feb59e,f82914207dca4a4f36404ac371610421cfb52d93,2014,php,,CWE-98,,
apache,commons-compress,0600296ab8f8a0bbdfedd483f51b38005eb8e34e,fdd7459bc5470e90024dbe762249166481cce769,2012,java,CVE-2012-2098,CWE-310,5,MEDIUM
josh,rails,060c91cd59ab86583a8f2f52142960d3433f62f5,9340f89849606dba02f44038171f3837f883fd4e,2012,rb,CVE-2012-2660,CWE-264,6.4,MEDIUM
MISP,MISP,0614db919e0cb0f463354aedb4bd20f1a8d4cf0b,62a3da46f2aeb728544665c51bb39172df2196bd,2013,php,,CWE-668,,
libretro,RetroArch,062433491fb6d7f90e4eba03a3d8d943dd59de70,669599cfd7c2d316e9086d31e1ccaab5b5964adb,2017,c,,CWE-664,,
owncloud,core,068688063eb660d35ee0dca8d3ceb53d2f243bbe,f0da7b20c12c14e0fbd9cddfbe7c5c26d43e2607,2013,php,,CWE-384,,
MISP,MISP,0687d3f6f48247fbcb510c26e0966864a8fa9081,9cd1b0469d872a48afff17f5b2bfb9a6ad0ef8ee,2012,php,,CWE-89,,
joomla,joomla-cms,072e9bf0f2266885f40eb23d54da636280b9b088,f5bf6fbc15b4f2e1c30e2bf2d6eadfbaf654aff0,2007,php,,CWE-89,,
cakephp,cakephp,076b6f998c42613dd64206c0a1d0d4a6e2055efb,2c85da44da2c9bbf6fc4a52ba990660f554d320d,2014,php,,CWE-668,,
mattpass,ICEcoder,078068e2527747f5688997d5dc1293213de65bd1,69d8ddce7756802525bc07ac028b939e554a81ca,2014,php,,CWE-22,,
dlitz,pycrypto,0782d68840d0ebf850516e606e398b8a5396eb64,f49fd0e1b57071e52200806d095679753fe36e17,2013,py,,,,
curl,curl,0796a993171f627d546c42a8fb28e906528cc688,2497c42172307485fb60100474b68c1620041df5,2016,c,,CWE-401,,
php,php-src,082aecfc3a753ad03be82cf14f03ac065723ec92,d650063a0457aec56364e4005a636dc6c401f9cd,2016,c,CVE-2016-4542,CWE-119,7.5,HIGH
Pylons,pyramid,082d3b2cb9127f8acfd4d081e69c427a37bae91d,a6db36c984bd69f8a6aba80ad6db435cd4b1b93c,2016,py,,CWE-208,,
php,php-src,08b72ac9f12890793bc67446e4999892607bbf7b,c374b80dda6e07f7dbc1e43a095c075beee6ca5f,2013,c,,CWE-401,,
pfsense,pfsense,08cf5428d6fa7d080869574cee0f22e669b8db03,53aca1fdc3f7683efd90472ed7be78f793eb78bb,2008,php,,CWE-74,,
josh,rails,08d0a11a3f62718d601d39e617c834759cf59bbb,f706d5f945c5751072bb90d080aff154e6858435,2014,rb,CVE-2014-0081,CWE-79,4.3,MEDIUM
grails,grails-core,08d543b74810debda7a8adb5efed41057597ad5e,ba77c1be24538d86dc21aedd4d9e19373ed13ffc,2012,java,,,,
phpmyadmin,phpmyadmin,0933619b6b2534b221817ea3f631cb984c258d6b,b628fcc8a908d0fecf391cf2cc161691255dbbe6,2006,php,,CWE-79,,
edx,edx-platform,09e1f9ed71910341b1e806466d70308162dbb832,2ba5d483fc46cf60dba99fb1122d36268cac8ee5,2015,py,TNL-2248,CWE-79,,
openssl,openssl,09f06923e636019c39c807cb59c481375e720556,8106d61c354430d6bbbd7f8e7840a39efc0f5829,2015,c,CVE-2015-0208,NVD-CWE-Other,4.3,MEDIUM
rubinius,rubinius,0a0289086b6a9e5bf1ffb0c58dba3ff5a80800b9,3e134f200b26f68d6295dd809baee5e609065fd4,2011,rb,CVE-2011-1004,CWE-59,6.3,MEDIUM
vanilla,vanilla,0a22506c76ac419d390d5d1bde5ec5f48b195358,2e25c61a94796f5805a7eafbbc3660557db74839,2011,php,,CWE-79,,
postgres,postgres,0a73f69cb4842f46c1a080b3375b0f268ba1e5de,11cb598c397eaa18916c1a0f944f3ead05dab971,2003,java,,CWE-89,,
curl,curl,0aabfd99631a292a72ca601ed0e83786ce9f0ae4,14b77db1b97bb382ec97535666813dea26594bd0,2012,c,,CWE-401,,
mantisbt,mantisbt,0a636b37d3425aea7b781e7f25eaeb164ac54a3d,4b7492d43680729b4a0328eddc522560dd44514b,2011,php,CVE-2011-3358,CWE-79,4.3,MEDIUM
josh,rails,0b58a7ff420d7ef4b643c521a62be7259dd2f5cb,6b1018526fb304727ee4191afc2d8a5e29e49eea,2010,rb,CVE-2011-0448,CWE-89,7.5,HIGH
josh,rails,0c7ac34aed1845044cd1911e5a775366d7ca41c1,bea9c9b4c0f9bb7356ea2058118fe40495432010,2013,rb,CVE-2013-4491,CWE-79,4.3,MEDIUM
unbit,uwsgi,0cb2e6852bcee02484dea06b2c5e9c8f6cbb3138,a559e9ea631afa9331cba77d3f1634611a6aa4ab,2013,c,,CWE-402,,
php,php-src,0d1998e34ff487aab6451963d60697dd5b5b0115,2f0d084ab8228e1e5704a3fb66fb1c9cd6bd411e,2011,c,,,,
php,php-src,0d2f147d80bd02d4d1ccaa0fa530d9d4846b3c75,3e88d610e54dac75a374af9e8501f02da67e4466,2015,c,CVE-2015-3152,CWE-284,4.3,MEDIUM
Graylog2,graylog2-server,0daaecd63895bfa683656d14d8bd0c3fb42f6cfd,2d2e6f5e99fc5f830c19fe1724899acaded2ca02,2011,config_files,,CWE-928,,
curl,curl,0ddab51ad874b64e38e26840a916fc13f4d2ed7b,9798432f567f1589f1da6216e2795ab10b733128,2005,c,,CWE-122,,
FFmpeg,FFmpeg,0eaec10550bd9a0682db9f7920ed0d86f1450f4b,b2a0a7fb8a3580897f2c9d8f2d160a5acab433e4,2002,c,,CWE-119,,
rubinius,rubinius,0f37846c2e23c8453b55d0ea598d17f1cbaedc32,aee7f2b9289f4d9cf77d85281b04bae8e0f8681f,2007,c,,CWE-401,,
php,php-src,0fb7618d6e74b4304d0512f5fe64770e3944dad6,a6bcfeccf773485657e8fd99f121a5810cfe2097,2006,c,,,,
MISP,MISP,0fff291c6758c5c36d4d600208c47268ca1a41d4,aa8ba55daccf1f4f9b5eab07589fd9fb3df9b895,2012,php,,CWE-352,,
openssl,openssl,103b171d8fc282ef435f8de9afbf7782e312961f,1421e0c584ae9120ca1b88098f13d6d2e90b83a3,2015,c,CVE-2015-0206,CWE-119,5,MEDIUM
josh,rails,10a63e2a0cbdc1e8e4d7aef87afc868bd599ca94,f6de806537d60e94183f26cd6a16da426e84911e,2010,rb,,CWE-74,,
Graylog2,graylog2-server,10e459de844424e3ea289eba84f963c033f76fad,0a038a4dad382499e0b8b5694d7d2d8c5635cef6,2015,config_files,,CWE-928,,
OpenVPN,openvpn,11d21349a4e7e38a025849479b36ace7c2eec2ee,9a3f670248d6f519a399e65a7232e2196b5115db,2013,c,CVE-2013-2061,CWE-200,2.6,LOW
mantisbt,mantisbt,11ab3d6c82a1d3a89b1024f77349fb60a83743c5,ecd12610576e71764a318d8ead1c753ab7a30d16,2016,php,CVE-2016-5364,CWE-79,4.3,MEDIUM
nginx,nginx-releases,12368999b3ed45cde5e4cea8ea985d4444dcd932,27294215f36bb3c0e2ed2f438f615efc2bc67260,2010,c,CVE-2010-4180,NVD-CWE-Other,4.3,MEDIUM
curl,curl,1238edaeaf947b896aafd9ddffc8430dea179c3a,a9cd4f4ed49e1a0b79f8fc6a0cb129331fa04f23,2011,c,,CWE-401,,
openssl,openssl,1250f12613b61758675848f6600ebd914ccd7636,11e7982a7cc6cbbcbb13046ceed37639c26a0bc1,2014,c,CVE-2014-3506,CWE-399,5,MEDIUM
forkcms,forkcms,1269fe8b3813c7b7d5552a2b88bc2e7bd4d0c1f9,e45964aa7ed3621df4963991d3df03bbd3d6b8ec,2012,php,,CWE-79,,
curl,curl,12e78a082eeb116c528572e6de51b7c4a0eb1bf1,9273096a8ab7e31921550b9f7b08eb2b32dcc35e,2003,c,,CWE-119,,
mantisbt,mantisbt,132cd6d041f8ef5811e4eca8bdb516c893ebb52e,7cc4539fca65a61c48a40e31787e7d4751a7f9bd,2014,php,CVE-2014-9571,CWE-79,4.3,MEDIUM
curl,curl,1343756742463488c63453723b2bfe002e45c47f,ec9fa4f6b372e4e77fa741788e37a820bfa2ffc2,2014,c,,CWE-401,,
Pylons,pyramid,13906d6a2eb8c852d32752dca9e06e7d203d86d8,5a20b131b921362785dda87409ca8eb3a1a9c6a1,2011,py,,CWE-208,,
openssl,openssl,146b52edd122f55e2b2bfeb486dae8dbe96f739e,13747c6fdabbba33cb187a133548b73d41ae282d,2012,c,CVE-2012-0884,CWE-310,5,MEDIUM
cakephp,cakephp,1545b730ae756c2e565083fc66624cc9fb949f35,ae3d082dd6e29607518e557590ae74b7d525ff60,2007,php,,,,
moodle,moodle,16303ee90546962c473829418f4cba207c164dd6,9e1c2ba45c1672cd47e6f81cdcda61712c5cf956,2005,php,,CWE-384,,
josh,rails,16669774903dd7bfaaf1bf8f0c72e49ebaeffeeb,1911f8eee928915f1020753a4a3ba34c81131a66,2005,rb,,CWE-401,,
mantisbt,mantisbt,1677251434b6e8b2be8f1d4376a3e78f7be14d95,c26b34b6cf24f69ece52d3409fd16d659a767fc9,2017,php,CVE-2017-6799,CWE-79,4.3,MEDIUM
cakephp,cakephp,17e4eee73d84dbc5a65a4b9fae2adafdf6d46e45,2219991d3b166d2ecaa49ad5b78b0380aca9df2f,2013,php,,,,
curl,curl,1813a77b024d03b59fe5b591a5c5ecced02a9e66,d3d871cb4fe1512b689bb29cb49473cfcf91c684,2014,c,,CWE-401,,
fruux,Baikal,1896af0a45ef30f2a3048a5decb838c2c1da5608,95b18da309438712ffec7e8c1f20984b9ec1e232,2014,php,,,,
curl,curl,18ca0aa9842d3fb6e0740515df7b5960fab4408e,c4e6c33b13ba2968713a468736948b6364a50810,2013,c,,CWE-401,,
curl,curl,192c4f788d48f82c03e9cef40013f34370e90737,da0db499fd1fed3ab061d8c03d25c06164c9f429,2013,c,CVE-2013-2174,CWE-119,6.8,MEDIUM
qinxuye,cola,193270fa323d3c76839b751fbf664d79f0579fde,5048d32a7de9242e20f781f749fb3d373b8a2aa8,2013,py,,CWE-401,,
WordPress,WordPress,19848b9d90b63469d3c70b7e79400d10795601d0,60de32b047a658529d049e7e541ba7105cbdbcee,2009,php,,CWE-79,,
dlitz,pycrypto,19dcf7b15d61b7dc1a125a367151de40df6ef175,373ea760f21701b162e8c4912a66928ee30d401a,2013,py,CVE-2013-1445,CWE-310,4.3,MEDIUM
WordPress,WordPress,1aebecad96bf2e924f3d1970bbead03ee01eecd6,3b1ee8f5abd84cf5ac2ed3a04614db304a6fee91,2003,php,,CWE-89,,
cloudius-systems,osv,1b880d17faf273a3a49c121a3bf65c8c0617cd1b,7166013b2927cd9a0c6bf080db07e04d4823f01b,2014,c,,CWE-401,,
phpmyadmin,phpmyadmin,1bc04ec95038f2356ad33752090001bf1c047208,d32da348c4de2379482a48661ce968a55eebe5c4,2014,php,,CWE-79,,
moodle,moodle,1bc6c1ed3788edfd8cc108d637f6845c6f24ac88,c8e564f5ff6a47a93eafff3c23fba955ad508dfd,2007,php,MDL-9288,CWE-74,,
tornadoweb,tornado,1c36307463b1e8affae100bf9386948e6c1b2308,7279a303d1c366aabd4facfc6b29ed46c3422350,2014,py,CVE-2013-3587,CWE-200,4.3,MEDIUM
openssl,openssl,1d2a18dc5a3b3363e17db5af8b6b0273856ac077,7ead0c89185c46378e3ed85c0012d083f4b3039b,2015,c,CVE-2015-0290,CWE-17,5,MEDIUM
MPOS,php-mpos,1d5e69d219144a5abaac4b56418b60b63b272d48,5d8fecfd812bd74c320919b2e3dfd25421c17dc8,2014,php,,CWE-352,,
rubinius,rubinius,1d69526c484cc9435a7198e41b8995db6c3acf1a,4aa59c4128290b702802ebe41be44edda27da9a9,2012,cpp,,CWE-407,,
owncloud,core,1d6ca084a6f5414ae3bb0753500ad386c86d087c,3b9bf83fe7833c2cf8d1d9fc2f0f2a41b2a92ebc,2012,js,,CWE-79,,
openstack,nova,1ea998649058f78f63a167dd697cf5f6732596ff,f9d23c69e25a2ce5e8c3a37d1e771d02c43cbfb5,2012,py,,CWE-208,,
slimphp,Slim,1ee41b74963b5ce23caae67582aceddb982b43db,20b09ca587b6f1215bb10ad39b92c2c540b2cd35,2015,php,,CWE-208,,
openssl,openssl,1fb9fdc3027b27d8eb6a1e6a846435b070980770,ac9fc67a488427bc3e987f5a4c235e8fbeedf711,2016,c,CVE-2016-2181,CWE-189,5,MEDIUM
pfsense,pfsense,2003b5d8bc9c9b2b7aa72f4d3c4532c7349264cd,f17f9f2891b459e3f119ced5857469b96c57dde9,2010,inc,,,,
BradLarson,GPUImage,202ce483fcc474a60d358bd068317a415de93f86,bc1c59a195167863548423459f9ac9e13d201c0a,2012,m,,CWE-401,,
moodle,moodle,20a79b431683fbe7c0b18e566b90c79db80b7397,e08de1b4954f984e96961cb5c7ca150079d9d92f,2010,php,MDL-24079,CWE-89,,
joomla,joomla-cms,21086355e63dc0514b094275df2bb224f290120d,9bbf2be61b5738d84926a7e9bb40cd123d2961ad,2007,php,,CWE-89,,
mojombo,god,210907fa9a9fdf765b7241666ac93682adc372db,1f23f631322fa83353ce06f671cb9ad5a779ef4a,2008,rb,,CWE-401,,
owncloud,core,211a546600de0d108d3c1b66602dec681ff18837,b0ecef02e905972bdd963ba03610e5c025a36e1b,2012,js,,CWE-79,,
scalikejdbc,scalikejdbc,2197ff982e507355dba55883be2195d654bfbb2d,0066d580d8ab21d252310bd0206fa62effa6137b,2013,scala,,CWE-89,,
torvalds,linux,21c5977a836e399fc710ff2c5367845ed5c2527f,ec8f9ceacef719a844ca269d654502af6a00a273,2011,c,,CWE-401,,
pfsense,pfsense,21eff66f3199bb0c50c9ea5a9a473043dd4991a1,ce0a5816476bd4703b85a30396123f13da5be174,2007,php,,CWE-79,,
FFmpeg,FFmpeg,23edd41a0d6994cb5d9983d8f035e8eef78960ad,9244b839b788e4677019041907ff5a4378a23490,2017,c,,CWE-134,,
ci-bonfire,Bonfire,241e32380cbdfcb35ed3796fbaa59575a25aff1a,2a0115a93c5368ec5d1cc5bb35e08f4988373b7a,2012,php,,CWE-79,,
openstack,nova,2427d4a99bed35baefd8f17ba422cb7aae8dcca7,d335457f48d09c3d780c92413fe777030c1335e2,2012,py,CVE-2012-3360,CWE-22,5.5,MEDIUM
openstack,nova,2427d4a99bed35baefd8f17ba422cb7aae8dcca7,d335457f48d09c3d780c92413fe777030c1335e2,2012,py,CVE-2012-3361,CWE-264,5.5,MEDIUM
josh,rails,24d244c1bc1a744de599df18d74c9b343fd4c9fe,d3bbb23b2fdc6f597410e83e604d4919174aaa27,2012,config_files,,CWE-928,,
yigit,android-priority-jobqueue,254cd596fb0c5ab16a7259fda6a6d90ce7fb6944,66363dd3c93066c8ddeb1728f25804ec2522ab09,2013,java,,CWE-119,,
MPOS,php-mpos,256b5f59c60f89be5da5d7c89e78a56d3a6876b3,8fbad03457cc1e0691b816f163b71e8c6d29f13a,2013,php,,,,
osTicket,osTicket,25ae16b169da0a58c600da19c70bd38efdde90ed,0ed92da68bfa62f912496ff57ae3ab0e08cc5d00,2015,php,,CWE-79,,
apache,cassandra,260163994e4ac71fafb0578cb143ab4f0f22d6ad,52430b93e502dd44f6f0e1bf097ccaaa45e74fd5,2015,java,,CWE-402,,
php,php-src,26471eb69c3cd9e8162ff3b398d33919d9075191,e41f600365fe9f27727a62a850a4d55416ae856f,2015,c,,CWE-416,,
ci-bonfire,Bonfire,26d3cccc472fca71f4e945f6bc5994dc2879c520,e7800df796da60c2cac7ade0fd3949d6907e3664,2012,php,,,,
mantisbt,mantisbt,26f209a2701ad31e1563723aea48e9e577ec1087,66c142dc3b652cdb07d61f2edbf3a798234ef48a,2014,php,CVE-2014-9271,CWE-79,4.3,MEDIUM
haberman,gazelle,278f870414aa841d2b34a6e7b4078171f3d363c1,912eacb66a536349b3e7dd45421d492638180887,2009,c,,CWE-401,,
lxc,lxc,2802732032aeaabe8c793ae76112d9c8ba13ee23,bb1d227404ff96564877a04ef9299c63f608f543,2013,c,,CWE-402,,
freebsd,freebsd,288028aac36a694f43f44010f0f3e1656124e93b,75e242c27e430ad45d44e9d44a3d2f2465f884e4,2016,c,,CWE-404,,
openssl,openssl,28a31a0a10f41ef855cabab4e18c994c44225125,cc22cd546bd0b0e1b55c1835403ab564d5f30581,2017,c,CVE-2017-3733,CWE-20,5,MEDIUM
WordPress,WordPress,28a80ce82af438e76c4841990f98a702ace845df,013d15ebd41981e433121014675d744e63bfe29d,2010,php,,,,
edx,edx-platform,2926c94330491cbaa3232b7c76d197453ffba069,ab482277bea6d77b99ce9cd1cdb9061a94ddb89f,2013,py,,CWE-79,,
mantisbt,mantisbt,294d34c3ad18a85e0b7ecf498d1679544e58da80,e1ac36d37af93685cc8203d4dc930cbed047e744,2008,php,CVE-2008-0404,CWE-79,4.3,MEDIUM
php,php-src,29a4e710de6a73341da3d268343fdfc072ba682a,94742054a845f483b4d59ac28fa65ee029dc3c92,2015,c,,CWE-416,,
graphframes,graphframes,29c27111a7608f42e7d0b5f8a22b1957a196d74e,3ca57b38e9f2ead71e24e42abc84f3ba558d2b38,2016,scala,,CWE-119,,
mantisbt,mantisbt,2a1eed9db111c0b1c8e9036ba3a2dcc21255e7fc,4b0e0d5d5494c347a8dfebb35605a73a457a2d00,2010,php,,,,
openssl,openssl,2aacec8f4a5ba1b365620a7b17fcce311ada93ad,9cf315ef90d0cfeb8bb7a38873eea07a8f0dffec,2015,c,CVE-2015-1793,CWE-254,6.4,MEDIUM
scalikejdbc,scalikejdbc,2ac05aaa56f6cabe51b708f9ed8cc4c52dab96ff,db240ce42a1e6041d9459ed9c3c1f42d6570d54b,2013,scala,,CWE-89,,
curl,curl,2acaf3c8046ae2c340f628d1af5ecc9be105f875,9756d1da7637d1913b7ca2b589e4635f32ed3e00,2015,c,,CWE-401,,
AFNetworking,AFNetworking,2b2558a90e7bfb2ef5169b1ca21b91851e5a5b7d,49186d9a3032dc02da1d0cc445cbf69b0cfb001b,2012,m,,CWE-119,,
slimphp,Slim,2be864c28f35f70d60a2e682a7ca28f31456106a,1a30b092861d391e6822cfc999b2913d9064a0a6,2013,php,,CWE-611,,
joomla,joomla-cms,2bee506a9105fb9c80da4c088baae2878f469f65,b9b649cbae454943e3b73a6fbd9d5486cec0e8eb,2007,php,,CWE-79,,
joomla,joomla-cms,2c968f0082f70e9597679a4359c5b26f391b3ac2,73166721680177bb3d63eeeed973f47895a68af4,2006,php,,CWE-74,,
josh,rails,2ced6f2f8a85957b160710ae5d9fb245a6106550,d99e8c9e1618f509bb35f052d4bd0d1848bce771,2013,rb,CVE-2013-0156,CWE-20,7.5,HIGH
travis,cosmo,2cf68a08d919836b464a4fd5e23cf0e2df83cb60,07652f8431724abc038d2af89cb1eddb1e98c1e6,2006,js,,CWE-401,,
josh,rails,2d02199e1581db8dc84361803950b1697f493fc0,4965b1b96163aa7bbc5f14d237683a12300e0798,2007,rb,,CWE-79,,
mantisbt,mantisbt,2d2309a384bcd9d4b6d7d2928e8ded2c46d2d7b0,a64a0d220a44ec7d26fce77154f7ee2a62337a95,2017,php,CVE-2017-7620,CWE-352,4.3,MEDIUM
joomla,joomla-cms,2d9d949b4f443f85112d6431ec0d9b5c22f829f0,3c38c18ac058796559d6a777789f39b4d492c362,2007,php,,CWE-89,,
josh,rails,2e3c3a87d81e16a2fed442c1cf31360f75737a83,46923cabe156852bac1ae99c4509ff2780eae2a1,2013,rb,CVE-2013-6414,CWE-20,5,MEDIUM
mantisbt,mantisbt,2e4ed26b3b6d5e478fa147c0ed706b33697f959d,6f0d8df6f772e4ef6517ae6fb92057670b07cb5f,2004,php,,CWE-79,,
curl,curl,2eb8dcf26cb37f09cffe26909a646e702dbcab66,96ffe645fd2494f14780f7c105fcfeeb8ca7d94f,2013,c,CVE-2013-1944,CWE-200,5,MEDIUM
spring-projects,spring-security-oauth,2f25d164f2c136878d23bfcc1c03a5234cbcece9,9fbade981e1c157aa78baa3d88c6426d039ca77b,2011,java,,,,
WordPress,WordPress,2f9ab6e3337daa3e68314eb737a8e8bd964725fa,031370065763ebd5f78f88c559de3c63dcbf9257,2003,php,,CWE-79,,
openstack,nova,2ffcf18d00eff6fb0777769469c4aa5ac7bbb6c9,bf70df295b0529da9f4381f52fc94d328fa2fdb3,2015,py,,,,
curl,curl,3017d8a8d8849ebd4feae4f5eae037cd55736a61,cea1fd7a9414b628e3b462b08ee3b64f24a689d1,2016,c,CVE-2016-0754,CWE-20,5,MEDIUM
josh,rails,306dc1a499908ba105e6b0fe8b8e01824c5e04d7,e759b5277e404cb0ca8353d0c6eba8a5c471af41,2014,rb,CVE-2014-3514,CWE-264,7.5,HIGH
BradLarson,GPUImage,307c8ff843353ae4db646b4e2293ab01ba53a073,d05b56b6c391e662599780998720ce9d3a0b899b,2012,m,,CWE-119,,
realm,realm-cocoa,30be0ce78d908e5e0d99918a18ce3a554e45b5cb,7964a8970bd3ebd8d520c84d0d6fe3b258769a73,2016,mm,,,,
freedomofpress,securedrop,3102925d369c5110e0c50a80684814a5efa30011,eec829a794f7b197810fcb5bfec8c3f7b5ea4776,2015,py,,,,
django,django,316bc3fc9437c5960c24baceb93c73f1939711e4,710e11d076b9e5ef3e3b486dfb70bb55b788691c,2015,py,CVE-2015-8213,CWE-200,5,MEDIUM
mantisbt,mantisbt,317f3db3a3c68775de3acf3b15f55b1e3c18f93b,9869270e87121032089ea28c4a389fb460d2c739,2011,php,CVE-2011-2938,CWE-79,4.3,MEDIUM
vanilla,vanilla,31484fe7a0db80b8ff8e9e46fbd8215ca20ccb79,b5a6fc954c891ef38477a05f245d6abf0b7eb2a8,2012,php,,CWE-79,,
openshift,origin-server,32564a0839b1517d762afab2013c26c0959bac00,f5d91bb2823eb695225b0412809dd51361d9aac7,2012,php,CVE-2012-5647,CWE-20,5.8,MEDIUM
php,php-src,32c5a87a148d49450afd869f1a611bdf669e986d,e2d606e18b7079f7b7127fb581ccffc2f6104de7,2007,c,,,,
ushahidi,Ushahidi_Web,3301e4886c06941b4321e147cebe8a8d36fbd7ff,68d99167a4280038f05f9faf903d3601a167e143,2012,php,CVE-2012-3470,CWE-89,7.5,HIGH
mpv-player,mpv,337ad4fef400df103c8256152ca35512303fba66,8e4eee9a9adc0b40b0ad7f182808c77bf24f7c47,2016,c,,CWE-402,,
josh,rails,33cb47ee488b2381d87f5bb36818cae5fa76c22e,1879c259b870938c42d5d52f63123bfa0b8c81c8,2014,rb,CVE-2014-0082,CWE-20,5,MEDIUM
spring-projects,spring-security-oauth,3425e1d534b0cdee5a3c060abcc0233fbe74d4f7,00afb535ce8736f26a2ac270fabb8dc62943b0cb,2015,java,,CWE-79,,
curl,curl,3454319c17d817a0eba289158493d4066d57cdbb,02c78ecf8134fc9961efd3563970672858d503fd,2003,c,,CWE-401,,
composer,composer,34553804132ef6291bf2aa1c794a044cc09745c6,2f3db8c397bc717c4ee14f356eb7a8d7c35ce7a4,2016,php,CVE-2016-5385,CWE-284,5.1,MEDIUM
h2o,h2o,34959c4b0c1af43144ea62f3a89283c523c3c1de,ea4816f2f12f0e821c4655584c08847b0aa1cd4a,2016,c,,CWE-402,,
mantisbt,mantisbt,34de876c4d7ec870f4234675b5a2bed8e71f7450,f61a4ab229059f4a424609bc20757b7bd6c56f9b,2007,php,CVE-2007-3215,NVD-CWE-Other,6.8,MEDIUM
jspahrsummers,libextobjc,357e57fd89e727881befe718728de8962128cb6c,821599787089f794228cc8bfac6a1b97c3e6227d,2010,c,,CWE-401,,
openstack,horizon,35eada8a27323c0f83c400177797927aba6bc99b,648b07895c3e09218e165ec0f61bca7e3d6eb691,2012,py,CVE-2012-3540,CWE-20,5.8,MEDIUM
nextcloud,server,360c22fd2821ed440089d7899d4c6680a0676410,76e0ca785bb473ea63d7811349cc27d6999fde8f,2012,php,,,,
mantisbt,mantisbt,36ed5a459ab0d7757dc0160fac361485efc2d133,2e841fb3d4fbf9e1a908a301823f5911108592e3,2002,php,,,,
nextcloud,server,370123b8b0b7adc21429b991f06e2c5052a54795,e5d78a35231d1412aa7427f061aacdf73d92a796,2016,php,,CWE-352,,
phpmyadmin,phpmyadmin,3759bdc56de7b742b32f4d0c3f2a452b47dce191,8f8584bf2ed112fc85b1fd7ebfa0f6cfd74927ad,2007,php,,CWE-79,,
realm,realm-cocoa,37c6d421472bb89d0711b99cabaada1e9976bb0f,9a623ef0e43e8f0bcd829393e1737f4b6de82e71,2014,mm,,CWE-401,,
openssl,openssl,380f18ed5f140e0ae1b68f3ab8f4f7c395658d9e,37529928faa8456e85a9c5ad9255517da8dd0c61,2016,c,CVE-2016-0798,CWE-399,7.8,HIGH
joomla,joomla-cms,3825fe7a80a1e16dc4085c066e93c9d295efd12a,9a0446f5b3a377a590186cb7af8b05d7ecec8510,2007,php,,CWE-89,,
realm,realm-cocoa,389737432e18d99fb40e333e80478b8efb43e40d,0a4d63499a7a99e8c135c713b96cea851119e978,2016,m,,,,
vanilla,vanilla,3897b16cdb36e1c35c83cb0a4c017ced89cf6fce,920486d61221779f4010f39657a91ab3825b4d36,2011,php,,CWE-79,,
splitbrain,dokuwiki,395c2f0ff3e87977ea2573587a11f4ef294433f2,1ee9b48eeac0acdc23d10bc12e2efa22a01f9989,2014,php,,,,
php,php-src,398c6e6d1153ca2034a152977d1700629b146e43,bbd6ab2054cbaffbc510a5a9e491a23898faaea9,2012,c,CVE-2011-3389,CWE-20,4.3,MEDIUM
openssl,openssl,399944622df7bd81af62e67ea967c470534090e2,0a4c87a90c6cf6628c688868cd5f13e4b9a5f19d,2016,c,CVE-2016-2178,CWE-200,2.1,LOW
freebsd,freebsd,399bde7ffd971f7602a44774c88871a7414c157b,fdef3ab0211b87d886c8a87fe46be53c0642ee0c,2016,c,,CWE-401,,
josh,rails,39ca25f5c42470b4a446fa7688bce22767d82d79,1650bb3d56897cfef4c7e6b86a36eed4f1a41df5,2013,rb,,CWE-352,,
composer,composer,3a03b51ae324af0c886edcc25e3313787bd3cf68,5292f2b402aee06d51856ccd74e03665f1dc8d67,2016,php,,CWE-78,,
Pylons,pyramid,3a6cbcce80b5292082b2f4e2f920d2df127e2774,cefcf8732b9e17bcde5b2b16fdd9c5118caa3f83,2012,py,,,,
frappe,erpnext,3b2fd6e334c9b15241cab8c1ee412647206d836c,0c8597583985b17b00094fabf61d430567929746,2013,py,,CWE-89,,
pfsense,pfsense,3bdc7f5908ad19af2fc31b873cd07eadeb801bd5,dd34d7d239d823921237c4408559e674f5f0c292,2014,php,,CWE-79,,
mantisbt,mantisbt,3be86ce37bb469b211663da03f61ac2b28500d91,a6a3a136bd05df52f1ea4dd906230ac9ae9d9cad,2014,php,CVE-2014-1608,CWE-89,7.5,HIGH
cakephp,cakephp,3bf2559081c6f47542cf1ee7e52b73976de9a094,5b86377839a97b9d5667a0a08f8e62a79f82a4f3,2015,php,,CWE-89,,
josh,rails,3c0129af6d045654284f60db26124b9324d2fa94,a41619681f7bbf558989b377df8eb8987b694943,2005,rb,,CWE-401,,
mantisbt,mantisbt,3c6f6e5605d9b3a6db6c0934da4771ff8a54f617,a97334abed5c323598644802bfa6cfd815c1206f,2015,php,CVE-2015-2046,CWE-79,4.3,MEDIUM
nextcloud,server,3ddaedee3bcc498b144d3f5df1356eccee7fbb49,2b228fba3463722ad19ea6ccd150b96772508791,2012,php,,CWE-79,,
josh,rails,3ddd7f7ec9b156e4b7de4c23d448c2db98f30504,8ce57652b224c01d474ef20b27ea3c3838534467,2010,rb,CVE-2011-0446,CWE-79,4.3,MEDIUM
mojombo,god,3e4fd2898cd4f92afeba120776dc3ba7f4a6ff0f,c173cedd248239b82f5e432b355a58e859d04b21,2009,rb,,CWE-401,,
openssl,openssl,3e8b6485b342d70e980418bc4bb2c60148d844d8,f2e8488b8521e133f4f6da8dba635c57d1387990,2010,c,CVE-2010-0740,CWE-20,5,MEDIUM
openssl,openssl,3f3582139fbb259a1c3cbb0a25236500a409bf26,05aef4bbdbc18e7b9490512cdee41e8a608bcc0e,2016,c,CVE-2016-2106,CWE-189,5,MEDIUM
php,php-src,3f7b92c06c6e4cbcd9bc949289b51756cfb658bf,99c56139c75b48914103bc2351b5422465f3f97e,2008,c,,,,
moodle,moodle,3fe3851d57edb91865702ff7d90c1e1d3f6f2b03,a0bac19d81e04081cb2409110eb538adf3998c36,2002,php,,CWE-79,,
josh,rails,4003a5bd76ece6d5273e00bf9f468fbdcf9ce1d6,4c34ad37b2e15731ecf22686fa98755ca0c4757e,2014,rb,CVE-2014-4671,CWE-352,4.3,MEDIUM
ci-bonfire,Bonfire,401cca69ee8b7e3a7c4111869dfb7426305448b8,66fdc596915721cf699448233e2eca756c59f4f6,2014,php,,CWE-260,,
jenkinsci,winstone,410ed3001d51c689cf59085b7417466caa2ded7b,507e1a9faf90d8a3e267a2ce5de7c18b0b9dc2ea,2011,java,CVE-2011-4344,CWE-79,2.6,LOW
phusion,passenger,4043718264095cde6623c2cbe8c644541036d7bf,a63f1e9cd8148dfaac08b00d74ef2b59bc2c9dd4,2017,h,CVE-2017-16355,CWE-200,1.2,LOW
joomla,joomla-cms,4057d02029a83a6e6ff372fea47a844e31d0aff6,840c8605e10d8ea92ee7f3304eb574f20147d460,2007,php,,CWE-89,,
freebsd,freebsd,40ccde4c2ef8c5eef8c3e4415832b6c10c308301,7cc967f0e00c8467ec7dc3d76556fbe5d10826ca,2016,c,,CWE-404,,
openssl,openssl,410e444b71bca5af929fe82162cbe37e31c82083,a91be10833e61bcdc9002de28489405101c52650,2014,c,CVE-2014-0195,CWE-119,6.8,MEDIUM
MISP,MISP,415d85102d5aa5f96f4f11a17c86b59bb9cc0d56,9b67e5ecdb967c1c5e8a45435d141e57357b1633,2015,php,,CWE-94,,
micahflee,onionshare,426d744d586502935935139dfeb81fb12568f4e4,05ec78dc34cfd1ef92ace06be2d58c50d6090219,2014,py,,CWE-208,,
grails,grails-core,426fd41c3f10343506e86a85338bd3b34714b5f2,e6d2467ef35804fb8e10db129a28457f4cc23298,2014,java,GRAILS-10813,CWE-79,,
moodle,moodle,4287c1c2a043f3f0447730ced74e0ddb1b6004eb,7d8f881a493c858366ccb9d27e7f727fd77da439,2010,php,MDL-24058,CWE-89,,
mongodb,mongo-php-driver-legacy,43109ef9157de31e7056ddf1dc5cbd74cc173230,3705a32fcb655d728fee7dd358a0762e0531134d,2014,c,,CWE-401,,
cakephp,cakephp,43db90d1b9cdcac0606b038332246eb463d2b839,23f559a4b079911bdf65ec922368ce81ec1461cc,2007,php,,,,
realm,realm-cocoa,4401ff8f740341498d211fd4f33a6d43675f0789,208094562f732387ff8e62d5994b5d311dfcdfe1,2014,mm,,CWE-401,,
rubinius,rubinius,448f5dc7e41b87ea3644dcdabaf2150ef2617ecd,0f2be377d10a9b878b404dcde5e437b69ca8edf6,2017,cpp,,CWE-401,,
jnicklas,merb-core,449b212581a04c4d6fab06afa604eabb662e5cdf,30769309f5d6290ac2adaf410073bf37e2c1a2b2,2008,rb,,CWE-384,,
vanilla,vanilla,44de5f807dfd621e9a9f43b0bd159be532ba0b51,43ec3c51c6606e483642b4f639b9f13a673b13ef,2013,php,,CWE-915,,
mantisbt,mantisbt,44e140e9f634266d0a2f3101a9f2809a97702138,b8dc99376f4b0dde8e8c210086df5809061d01ed,2013,php,CVE-2013-1931,CWE-79,4.3,MEDIUM
moodle,moodle,45ae1da26333c747c7900e284944521a519c6dd8,3f08e9b98a4ef39a5ce4aca110aecaa3bc873b7c,2015,php,CVE-2015-5336,CWE-79,3.5,LOW
realm,realm-cocoa,45b8dcf36cdda8819cf0b98c233ee8d9fe7b2006,784274fe641361e7292402b3d46c4aad2a8eb211,2015,mm,,CWE-401,,
mantisbt,mantisbt,45f9e746fb9a42e74b668211372d9e45db3e7b6c,f5ac454eb63fde102347a021a2af0c535033d572,2013,php,CVE-2013-0197,CWE-79,4.3,MEDIUM
dlitz,pycrypto,4669b04c6f9e4cb895abd227dffc7f6718425a70,80252248ab1ac8599b946e026dd8895146977903,2011,py,,CWE-208,,
josh,rails,4818bb36ac1a2a98bc61839ba87a654a78faadbe,e63be2769c039e4e9ada523a8497ce3206cc8a9b,2014,rb,,CWE-401,,
php,php-src,4846e56d4054fbb733ffcd2512d94434a5ae4bd9,9061bf39bd0b5e9a554200e2d2f67e15e2d5729c,2009,c,,,,
openssl,openssl,48c054fec3506417b2598837b8062aae7114c200,c1ef7c971d0bbf117c3c80f65b5875e2e7b024b1,2016,c,CVE-2016-6308,CWE-399,7.1,HIGH
Graylog2,graylog2-server,4952a08b81be428b28975523abab29cdd8a37c1b,ecfeee91aa1ba1226c64513f7daff79d1c904198,2016,config_files,,CWE-928,,
php,php-src,4a01ddfb5569da1b87dd4cac95c3f709fb607396,bb4d11b405ae1f37a8b0e4db630e80c5678f0746,2013,c,,,,
openssl,openssl,4a23b12a031860253b58d503f296377ca076427b,80bd7b41b30af6ee96f519e629463583318de3b0,2014,c,CVE-2014-3512,CWE-119,7.5,HIGH
nextcloud,server,4a47fa255d12fc4cfcd3b675d4664398e0a72730,b0420ee8bec3146273e633b179f7e10423849434,2012,js,,CWE-79,,
openstack,nova,4a60c6a655006b2882331844664fac5cf67c5f34,62d4d458d6e048eaeaf2621d8a70969b71c6d235,2014,py,,CWE-208,,
phpmyadmin,phpmyadmin,4ab34edba6a14dfdad988310a88e1b3770c6ab64,cbcf740adbad341c05705de6506908f41a24fbcf,2016,php,,CWE-94,,
nextcloud,server,4bc88ef59d0f57b850c88c17469547ec66f76e79,d5566d026745da8fbfc6648184b5b7890956faf9,2012,js,,CWE-79,,
krb5,krb5,4c023ba43c16396f0d199e2df1cfa59b88b62acc,6d6a8b0e1425b4094f417919ce9c49cc72b608e1,2013,c,CVE-2013-1417,CWE-20,3.5,LOW
mongodb,mongo-php-driver-legacy,4cca4c1910fabb8a3ceeca3895a2af405fe818bb,5762d1604744a6bef7895e0064c18ac1582a63f9,2012,c,,CWE-401,,
rubinius,rubinius,4d1ac215d1dd0e2e3b14b0888b0772dc809bd7f1,93e172e442fee63130bd6cd33523446f43a0ea13,2011,rb,,,,
frappe,erpnext,4d713ac5ba1929e8cac886365af152a54d481340,eb7fea673bb147677a15eb5da3351fa1576f006e,2014,py,,CWE-89,,
josh,rails,4e3ed5bc44f6cd20c9e353ab63fd24b92a7942be,3dea8b580b9c67bb27c01290fb3b17f446544b78,2007,rb,,CWE-352,,
josh,rails,4e9dd5378bd5bfaa095a96068c7d1b7c4f47e1b0,0c7ac34aed1845044cd1911e5a775366d7ca41c1,2013,rb,CVE-2013-6417,CWE-264,6.4,MEDIUM
php,php-src,4ebb4060f918cc15d2e7be7f37ae71ada92e9646,1db171deb8d99dcf9cb453886816338374b32653,1999,c,,,,
joomla,joomla-cms,4f455b16ea0c10d72045d0b15419a16d66046036,9c33979356e300c02842dc7a71f4294814b4edb7,2007,php,,CWE-89,,
php,php-src,4ffedc700dffa57b72ffda663f2a015e0f658451,4b14c11dcd4d27519b9c03d7acf638f9bface169,2011,c,,CWE-916,,
openssl,openssl,5059658219465c2e3e15f45c5ca3a0d251cd5fba,d9f0016bc57ac680d30aa1f32c9aef91acfe5aa4,1999,c,,CWE-401,,
vanilla,vanilla,50c55bed8fcca7c67f6c385d6599fd1356e68e10,5f6f4afb8cb371d53c97dddcd31ee227cdade6fb,2010,php,,CWE-79,,
phpmyadmin,phpmyadmin,50d1a4884306ae6705f0bb665ba71da24089b6fe,4b133e277f1e7116ff30b2d0000019d1d58749d8,2012,php,CVE-2012-4345,CWE-79,3.5,LOW
owncloud,core,5155f589fd93132fdeb39b04fc18e30a5643cbf6,cde60dba0f45cbfbe32059a50eb37c41e9da990b,2012,php,,CWE-79,,
mantisbt,mantisbt,517cd271cc72b5ed258dd95d70dc42f8602338d9,d9db796f8973696bb606dc03ce42857f6d160d78,2010,php,,CWE-352,,
openSUSE,open-build-service,5281e4bff9df31f1f91e22a0d1e9086b93b23d7e,6a1c1a1d58c1dd0046bc011e2bc27a052b16377e,2011,rb,CVE-2011-4181,CWE-20,5,MEDIUM
ci-bonfire,Bonfire,52dc58de0ecc67374d112002eb31ed01cc43a11c,cbbbedc362a4bdf3887ae26dedb569bf123c9a62,2013,php,,CWE-352,,
php,php-src,52e0c4081f8454e9086fc7d1bd1a338ac4e05868,bcd64a9bdd8afcf7f91a12e700d12d12eedc136b,2016,c,,CWE-416,,
moodle,moodle,52ecd1de0ab6fe4c8752cdd38b26b6bd3f9db95d,da4c33f510aabc0d7443c29a7c097cfd54b6c4a4,2014,php,MDL-48368,CWE-79,,
lxc,lxc,5371906219ff19886169612993efbb8e82f749a7,2802732032aeaabe8c793ae76112d9c8ba13ee23,2013,c,,CWE-402,,
technoweenie,restful-authentication,53f3f3b3eda05a2d064bb424fb014f646ae72957,c855a1653ee6fe2b112e041ff92ce1aa507434d6,2008,rb,,,,
Graylog2,graylog2-server,54b6c06ecc58d44459001571a1fd258e8af6d68b,ac6493c909d78914d44800dc3c9b7428af80ae31,2016,config_files,,CWE-928,,
exponentcms,exponent-cms,559792be727f4e731bfcb3935f5beec7749e9ce9,b276cf46a1e8f38cad80e47d68527eb3b1bbceea,2016,php,CVE-2016-9283,CWE-89,5,MEDIUM
Netflix,SimianArmy,553e15873a7659a2696663f162941177f436c331,0100228e3e1c85d9490d735f89077cb01418e1a3,2014,config_files,,CWE-928,,
Graylog2,graylog2-server,55c17eae2e7f7ea12602c6019e18dd528b248646,1e4ae741ef0a160630628cc9e1d31bfdbb581998,2013,java,,CWE-22,,
moodle,moodle,5642a8e51586df7a129b14904ea4f558fd704e9d,e6c2edbf7c1b5c247330a7ba430b1912a980ecc7,2010,php,MDL-23590,CWE-89,,
pfsense,pfsense,57627d9f3152f6ea984d3cdff71fa6e888784701,bef1056048aa2e0839fd5839e83da154f06c8c2c,2014,php,,,,
curl,curl,5796c7b1322375da0fa15620ca1a9c825df0ab01,dc2ea33e32ba9aeecdcd33c0541a9e33a85774ba,2007,c,,CWE-401,,
josh,rails,586a944ddd4d03e66dea1093306147594748037a,8a39f411dc3c806422785b1f4d5c7c9d58e4bf85,2011,rb,,CWE-79,,
cakephp,cakephp,587a04ab84f2ffeb5bff7ab06a7790bc201581ed,aae0f762dd19c5bc2d171d7c8b06d63bebebe381,2013,php,,CWE-79,,
php,php-src,5880428dac00ff9bafccb8c10c7226d6fa1dabbb,dad793630d5966a9c22f3fcd7f24b7937bd1a36f,2016,c,,CWE-401,,
mantisbt,mantisbt,58a67eef218321bed2d1584b092cce1bc73d4cc9,40840f412cf0166c2e7442d3d7fd2ebdac53bd8c,2009,php,,,,
BradLarson,GPUImage,5a1ea832cca2f9b402444af0ed1537f3df74199a,2f8e61c4ffcdfa93ee3d8f39f8110e61cfc3daf1,2013,m,,CWE-401,,
facebook,buck,5ae0a0aabff973096fffe610862fb46fd1364c71,f1d8da1511b8f01e59d61b213f533dffd3804b0a,2016,config_files,,CWE-928,,
openssl,openssl,5b0b0e98cec653ae1e65e2251c3e0fc273945df5,d5234c7b3a4ebcd6dcc31a042838d90a27b57c82,2003,c,,CWE-208,,
deeplearning4j,deeplearning4j,5b85fe3577ca13836183057a79e02f92ec9f8d3c,72b70da28e19c1571334e0fd23b2a58cd9441461,2014,java,,CWE-121,,
krb5,krb5,5bb8a6b9c9eb8dd22bc9526751610aaa255ead9c,6609658db0799053fbef0d7d0aa2f1fd68ef32d8,2014,c,CVE-2014-9423,CWE-200,5,MEDIUM
joomla,joomla-cms,5bd36db89c25d352bd58371844804712a4d90519,e7b1362a897fc364d19f10c866bd7f8c563cbcda,2007,php,,CWE-89,,
openssl,openssl,5cb4d6466a14665f8cd659b6dd7746183f2c60bd,f5c7f5dfbaf0d2f7d946d0fe86f08e6bcb36ed0d,2016,c,CVE-2016-2179,CWE-399,5,MEDIUM
tornadoweb,tornado,5d430b100abaae34f9241af0d21e86622715d5a7,2b0684028a9ca38318ce5038fa611e7274576e22,2010,py,,,,
MPOS,php-mpos,5d8fecfd812bd74c320919b2e3dfd25421c17dc8,c381af8291bb71a22258d8166f446da1452cb982,2014,php,,CWE-79,,
josh,rails,5dc2e3531babcbdc165884d1a47cbcd13455522d,6ea48ebfa68947ad66a516bdb7452e0faf3f70a7,2013,rb,CVE-2013-1854,CWE-20,5,MEDIUM
zxing,zxing,5dd4b663ceba69a93ed1eca21a2c0a31a10ade43,8c876a047a883b3cad976e52cbd09a30fbd1fe7d,2009,java,,,,
vanilla,vanilla,5de0486df09fd610dd1e122643a3a9dd67d63e50,90a24d801c4ba4c27da2312fe6efa5abb32afb1d,2010,php,,CWE-79,,
pfsense,pfsense,5de32d520bc7eee5ef400951130eef8a5cec9a2f,b67cdd05abde74b43a2fa67b0d7ecb4769ae5ce3,2014,php,,CWE-22,,
mongodb,mongo-php-driver-legacy,5e336f8664ea3c7e5f934ddfa49a7c65ec695bed,1d8402446acf5a00f7fb72de884de12b4458c68a,2013,c,,CWE-401,,
josh,rails,5e6dab8b34152bc48c89032d20e5bda1511e28fb,bd97c3044a7b135f5b84f38c3dbdce2ccc793f70,2009,rb,,CWE-208,,
josh,rails,5ede4ce188d29aef94af78f27d89169ac4ee54cd,7cfa6c535bc54f16a3fc7fa39969d4410de3e483,2008,rb,,CWE-401,,
forkcms,forkcms,5efe4f5ce856010066dba721440c008b3c3d3c4e,a9d22fb220777aa4890b2901f39e1c56b39b43ec,2017,php,,CWE-79,,
saltstack,salt,5f8b5e1a0f23fe0f2be5b3c3e04199b57a53db5b,dd0b3388cf2a1af0b32e61471de23c2e2d2209f1,2017,py,CVE-2017-14696,CWE-20,5,MEDIUM
mantisbt,mantisbt,5faf97abd7c1a1037ff63b8bd1d8df94c71b59cb,cb23fb2486bfa5707a9acc6f1a1329b6588d94cd,2014,php,CVE-2014-8554,CWE-89,7.5,HIGH
mantisbt,mantisbt,603687bdd7ef0ff55761ef888a0433fbdadfc2eb,120e3809b394d0ad6b65eb5a1009c5dc4b157ceb,2005,php,,CWE-79,,
rubinius,rubinius,60381aa5b8b20d4189e67a3dffca5340b992fed1,35999eefcb9df64f81478b504f479f714bd897cd,2008,h,,CWE-119,,
stevedekorte,io,604a92a52d1f1b7fae73b5a81320303ea0939e14,9f4ff16cf02dfe042fee26d7bee44942100a943e,2009,c,,CWE-401,,
josh,rails,605aadb3cdba9f469e88c39c0cad7448d59a9f0c,fc042435a6f571684314d60e9605e3331b7435f9,2007,rb,,CWE-352,,
FFmpeg,FFmpeg,6095388812ce1b2a95e9917b89e5857639208f88,7cbc2e60af72e2154ddc160b1bfce200a95a6532,2013,c,,CWE-134,,
joomla,joomla-cms,60ab157a9e829460d77d73c03784960e351db09c,fb82a9ff4f1bcef944e66a93c98710c5774120b2,2007,php,,CWE-89,,
Graylog2,graylog2-server,60ce52a866d0f35d9afb152a6e7c72be3a3f624c,41a0ddf23af453aa80af1580229261fc9646b4dc,2016,js,,CWE-916,,
mantisbt,mantisbt,610e89b9985bb4f80555ad8835e842becfb274ea,61ef10767ea37c5f278aaf34d4ee39be0bfb7b09,2016,php,,CWE-79,,
MISP,MISP,611317cf81ef5503f7a8d5eebd84bbb5cde09e61,b9f5297b3a3dc6d076852910f3b52719d469509c,2016,php,,CWE-79,,
moodle,moodle,61367eb63944d45a985b6cc4950661fd342773a6,066ec13585c78c4deb74700387c815a7297c996a,2017,php,CVE-2016-10045,CWE-77,7.5,HIGH
exponentcms,exponent-cms,6172f67620ac13fc2f4e9d650c61937d48e9ecb9,0ce8b94d745b818bd207933d9a2e7f32587c2c89,2016,php,CVE-2016-9242,CWE-89,6.5,MEDIUM
php,php-src,617698dfe0f22bfa6041e6f0728136002d30d2bc,c2773ea02f94f4efa0be33f510088e8395caba1f,2015,c,,CWE-134,,
php,php-src,61c7a06e7c19d9b408db1129efa0959a0acbf0b1,dccda88f27a084bcbbb30198ace12b4e7ae961cc,2016,c,,CWE-401,,
openssl,openssl,61e72d761c945e128ca13599a98a187ac23650dd,870063c83db6514b0cb637b86cadbc9f5c2270a9,2015,c,CVE-2015-1794,CWE-189,5,MEDIUM
josh,rails,6256b1de9a2d968b0d123ad6a09b33de01019ae6,08d0a11a3f62718d601d39e617c834759cf59bbb,2014,rb,CVE-2014-0080,CWE-89,6.8,MEDIUM
frappe,erpnext,62c7deee00a8a61942c1434164a4597ce52e7594,fcefc601e09507facd430594307979db65f42650,2017,py,,CWE-89,,
BradLarson,GPUImage,62d2a9f25d30d3dadac0d69a0e92eab8517c382a,ae6337068d981d7c89e69668b73e5202a1ec58f4,2013,m,,CWE-401,,
splitbrain,dokuwiki,634d7150e59d03e4a4987164bfe9948fb8828c70,0e1a261ed103bc8f11934d76ec8c7ec412f02220,2007,php,,CWE-352,,
MPOS,php-mpos,63c3b96a2940a350abd58491a72629b37059479f,795e019d0de3731fab71c98ab0487e84d6f7e952,2014,php,,CWE-352,,
apache,flink,649f9578bce56e118ec973218271262286c534a9,3e85fc6138b555a6a5595fcba73a024b2dd5c179,2016,java,FLINK-4669,CWE-404,,
yigit,android-priority-jobqueue,64facaf74486b40952a6b55b9c83262883aecefd,16fa174851836f3c30bae9c60db32f73157308c8,2013,java,,,,
FreeRDP,FreeRDP,657e6c6a55ffeec9a32d3dcff6add7cca5870398,064bb8ec167c0fcf178466ae2e4954f3134f43d7,2012,c,,CWE-402,,
laravel,framework,65d9a061d9209694e8addd9c6ce94dcf5bfe7180,91fd7f2b95c30af866838270beb91be9a2de55f2,2013,php,,,,
splitbrain,dokuwiki,66b23ce9f134c838f393fa452c450f8b6fc147c3,0d5f4833689967dde7f9fc2cbd1b6ada533bbb73,2009,php,,CWE-79,,
mantisbt,mantisbt,66c142dc3b652cdb07d61f2edbf3a798234ef48a,b35d343671688056efcb63c31b7ac7e177eedcdd,2014,php,CVE-2014-9272,CWE-79,4.3,MEDIUM
josh,rails,66dee26930048a0134f339d20d237a32ced2770d,e4479b2f1bc54edf155408d51dd3236955150ce1,2011,rb,,CWE-384,,
mattpass,ICEcoder,670e3c47a6f952b7f106adf10d7fa965e3bc25f5,4ef49f017212a4da84f4d009285a3eff30c80114,2014,php,,CWE-22,,
django,django,67b46ba7016da2d259c1ecc7d666d11f5e1cfaab,c5544d289233f501917e25970c03ed444abbd4f0,2016,py,CVE-2016-2513,CWE-200,2.6,LOW
josh,rails,67d8bb963d5d51fc644d6b1ca20164efb4cee6d7,3a0b6c8e135e268c1550f93db1b63ba27457dec2,2013,rb,,CWE-401,,
joomla,joomla-cms,686b5fa4e8954be61e547b93b56be586ef1a1303,09c9cd873afe21dc5018b4be104a504490aa32f8,2007,php,,CWE-89,,
curl,curl,686d767053e413feacb95fb7ddd9b3883984a3cb,ed3176dd6b5d9d6d26acc95f297cb3ef763ad54e,2005,c,,CWE-401,,
nextcloud,server,68d55648d5904a86d21fb5258684687a31929011,dc41cf081cac227f0d73b56542fa6295285e170c,2013,php,,,,
owncloud,core,68d55648d5904a86d21fb5258684687a31929011,dc41cf081cac227f0d73b56542fa6295285e170c,2013,php,,,,
josh,rails,68e4442ec720ca6730959681951f5862f97b5772,c5bdf6c5aee61848bee67b307287e2f28ddca173,2012,rb,,CWE-401,,
P0cL4bs,WiFi-Pumpkin,68ed8f58c0a02e2048c27284bbe972e04998a562,acbc25f48028539c4d239647101a314a7b5f6c11,2016,py,,,,
php,php-src,6912dab9ebf0107f3da0b74ef899c536091ece84,79e7432c971e904c84b7774674fc71f805091fd4,2006,c,,,,
HandBrake,HandBrake,69231c990576f34c14054a6f81b09b5a445d1b47,c6633353555fbc58a13ad90f8dfc171430455eae,2017,c,,CWE-402,,
cakephp,cakephp,69e5226fd2b3a9f6386527ef00159a03c53bbf0c,c4031bfd0a45420ef17a4a3eec45971c28e8e31f,2015,php,,CWE-22,,
pfsense,pfsense,69eb2e295fbbea1ff16d4b20e7e056b70469aad4,d09ff9ef322608ea8c496121faccd3d778e71e25,2014,php,,CWE-22,,
josh,rails,69fc0e1b5e6a3227576d67587c386142ef65854e,4751a8c51ff4b9766dcf8324347477095b7f940d,2014,rb,,,,
rubinius,rubinius,6a23ed5d8b1fc7a81769fb502e98625a62e67cca,75842e976ec1db29b3719101c7fd3cca4df1a00c,2013,cpp,,CWE-401,,
josh,rails,6a519401176126cd808aa5e3562a21f34a64de65,8a35865b747e0e96ae53e45997d6742f8f0ccfc3,2005,rb,,CWE-401,,
edx,edx-platform,6a850e27bb97b30447fd46ccfb277367c2ed13c1,4d656061becf7b92dd4de3cc9baf7460ac729386,2013,py,,,,
grails,grails-core,6bc7dd8803c00af64cb146073588ce1bc8bb2e0a,d10659d4aec4ca3a6760f04b3b22a9d0ff656e3d,2012,groovy,GRAILS-9052,CWE-79,,
Graylog2,graylog2-server,6bd76c3e4e0609f7447ba6547a591a1d247dfe51,d30d9b7f9525ef9113ebe52aa8da5394f123d188,2013,config_files,CVE-2013-0156,CWE-20,7.5,HIGH
nextcloud,server,6bdefef31e87f6c1be2ed7693fd2f6d203e32462,127796218314c6b1f19ba86f74caa913375aac8d,2012,php,,CWE-352,,
zxing,zxing,6c5b6849b7f60dd80a93031cfc39808dfac5b84f,1f2699c196285fd2a898478413dbde20b63d6d73,2008,java,,,,
cakephp,cakephp,6c905411bac66caad5e220a70e3d561b8a648507,46f8de72a2be00ab10ebbf6536a50b4982f34701,2012,php,,CWE-611,,
Codiad,Codiad,6e2ff815f1a6267fb33ee69f6bfe6dc24adfc3b9,c42d24cb48a83c19afa8a8ed770ebbad73fa7059,2017,php,,,,
rs,SDWebImage,6e4fbafa554244c2561cf2cb07c5bda1d4e39210,0b47342b2f9f5d7eaabf7a6874feb32604dd0f91,2014,m,,,,
josh,rails,6e655732226eef6fa04d8fc0c4ee1f0436688c49,47134a04bbce216f9c31473b1a0c1a077d624692,2010,rb,,,,
php,php-src,6ecd417b34bd5b957e0f9b76610f94421f38d955,de73bd0123139aaf893a45bbdf6848308e9dd1d7,1999,c,,,,
AFNetworking,AFNetworking,6f63157e33149226bfc2f014748cb5ef5c9a3a9b,2b2558a90e7bfb2ef5169b1ca21b91851e5a5b7d,2012,m,,CWE-401,,
joomla,joomla-cms,6ff55050d016abc1fdc31d4975070fa1c4e6287e,cbdf704d9f3268694aabcca72a1f7bd942f9b641,2007,php,,CWE-89,,
josh,rails,70117b02949ccd724735aec8f4f19db4171e9e05,887870f20c347179aef0545ee2019c02ed9f74d1,2007,rb,,,,
HandBrake,HandBrake,701d4a8d3ed08e94c04cc02cf4c4d0afdc87eafe,c0bb5c4dd1476d975f872cbf0ab317bae6e1160f,2016,c,,,,
cloudius-systems,osv,703bf08d72ef617b212632e038a93be0d00e879f,c284a3f07339b344c40b70ad64d0d554d8738f84,2015,cc,,,,
mantisbt,mantisbt,7086c2d8b4b20ac14013b36761ac04f0abf21a4e,b66af6d2ed9883c04e71ef132a3b36837f91fc62,2016,php,CVE-2016-6837,CWE-79,4.3,MEDIUM
osTicket,osTicket,70aca8937767bd2c0e99f76f8ec94910c7d38df8,03a84301e2e0e6875058814e877b7f7cffa33a98,2012,php,,CWE-89,,
mantisbt,mantisbt,70b5022f556c9b9b6b0cd661e3357767a3b178c5,60a4d24a794a81e98dc044ce42a9e4b8fa754111,2009,php,,CWE-79,,
micahflee,onionshare,70c55511b13ae04b2108b8cb23177bac04542d1b,9bfde7dfcc317e516dc6f03724c40d35baa45970,2016,py,CVE-2016-5026,CWE-284,2.1,LOW
moodle,moodle,70e9b59d228face74faea3f9440a48a4092c76bc,d371392a7be7ccb03dc589977e01f3a156661cdf,2007,php,MDL-11300,CWE-89,,
moodle,moodle,70e9b59d228face74faea3f9440a48a4092c76bc,d371392a7be7ccb03dc589977e01f3a156661cdf,2007,php,MDL-11300,CWE-352,,
rubinius,rubinius,71307c31cc443b87ce941d92314920acc179ece1,2d6017b6107a7017a434d945a4acdf0caadc1544,2013,rb,CVE-2013-4073,CWE-310,6.8,MEDIUM
pfsense,pfsense,7145cd87d1f6c67c900f6966df5f2d0ace50e109,c3936caf80b590f65bba7829db53bc0da4ef6a67,2014,php,,CWE-22,,
joomla,joomla-cms,717946c6e2cb539e03c5eb61795ff7df7dc402de,42b79e27cf7dd6d818d13f5f8401c858854d9a63,2007,php,,CWE-89,,
realm,realm-cocoa,71c22186fa7ef3626a26201c134ef2cef8a53189,13c6bc97eb6161671fcb39fff109c7cbf4ee2e31,2014,mm,,CWE-401,,
torvalds,linux,72159bb6a0471281d6bac3bef0168953952ab254,2b51cb033bb7d961fec771c3a09ed71da2d31861,2016,c,,CWE-476,,
bonzini,qemu,7285477ab11831b1cf56e45878a89170dd06d9b9,c3adb5b9168a57790b5074489b6f0275ac3cc8b5,2011,c,CVE-2011-3346,CWE-119,4,MEDIUM
deeplearning4j,deeplearning4j,72b70da28e19c1571334e0fd23b2a58cd9441461,93f320bb5e467d6d4779ee8068ae05eaaa5c87e4,2014,java,,CWE-121,,
rubinius,rubinius,738badb0f75a466d2d7a3af11c9fd903c156fd59,573964b7e98d44b7d87bd8ecd1e2ec0321ca2947,2013,cpp,,CWE-401,,
FFmpeg,FFmpeg,747a67fbab8ff74e4281ecbc947910fba13fd65d,754ebe3465e72894a5fef7407d6e1468fd40054e,2002,c,,CWE-119,,
owncloud,core,74b5e22a684c3095dbd48b56da1a10d955c20305,d96e962fc1f5df7efec5266d34735ebcdc20b056,2012,php,,CWE-352,,
naver,pinpoint,75232af9b4dd32caf24b126f5152fd5f11675ea6,b152cab0e88e736782435a41991ae305f2a39177,2016,java,,CWE-79,,
Codiad,Codiad,7535bd5c2ec6a485b545c2a518d61099ef160f6e,763114ac0eaeac1339c31a3355f93591d69042c7,2013,php,,CWE-79,,
WordPress,WordPress,757d3ba8ae2d8c10d90857f372ea22d6f914d3a8,c72cecbc5db600d3d659411dd649bbb1cfc66207,2010,php,,,,
grails,grails-core,757fa246e8047e1f1657bc7b4e1a662a028d8156,65c7ad979545b9f5e8781b0c5eb0266fad2f366b,2015,java,,CWE-611,,
jspahrsummers,libextobjc,75848c6b4d2443d4a3e873eefeae1f87afeb7ed1,32f82592642b2b7086c4c94231678f7411897e71,2010,c,,CWE-401,,
php,php-src,758af77e9d1c3c6e5aea365bc0d35c385278ad5a,afb6ca2566691a673b7e638ffd7e3181e21d80a3,2016,c,,,,
curl,curl,75ca568fa1c19de4c5358fed246686de8467c238,db1a856b4f7cf6ae334fb0656b26a18eea317000,2011,c,CVE-2012-0036,CWE-89,7.5,HIGH
josh,rails,75dcdbc84e53cd824c4f1c3e4cb82c40f27010c8,9f200fb296da721d50af53712d1e7998a5140e76,2013,rb,,,,
php,php-src,75fa63b57fc8df45e3b7b4ae5a1e50a169b171cd,bb16e23891bc8b464dd42a809fea6547566f13e9,2011,c,CVE-2011-2202,CWE-264,6.4,MEDIUM
php,php-src,7667ca40b02b24c8f7950049dfd17e91e9d1b281,395c0680434e96524fa56732cd6e9da7fd75e6f5,2007,c,,,,
curl,curl,768151449b386488ac8fe869f48bf2930123d601,97857de80eea0b3028036c6796c2f485f4caf7d9,2014,c,,CWE-401,,
forkcms,forkcms,772e1b5fd20df0f710d7151a62f40235252171d0,814f9bfa70c31421b7b9146bf96ea8e3a6bd3fa2,2017,php,,CWE-79,,
realm,realm-cocoa,77329db68ebd778e4f9eb63de47879f63ac118b0,dd718fc2911f5321f1d8ca37d47632a3bea40739,2014,m,,CWE-401,,
MISP,MISP,77c9ce3b73ff8908de33c9b5b2695cc8d89e26ea,71b24464699b093753c3a663f6c19d45de57460e,2016,php,,,,
torvalds,linux,785ef73dba6e9fefd2e5dd24546e0efa8698e5cd,70ad89a2508936c553d0222cc0b7c95648ee3580,2016,c,CVE-2016-5400,CWE-119,4.9,MEDIUM
owncloud,core,78cad94ff4676ef401d2a75c8448f3726deefd18,6911d8f0a4e688f3c84f2dd117424f887820750a,2015,php,,CWE-918,,
josh,rails,79d50ce3104d2ff4a3964b12139120b85dce35e7,69fc0e1b5e6a3227576d67587c386142ef65854e,2014,rb,,CWE-352,,
vanilla,vanilla,7acbe344c0c98ad56b0ed770649c0a69f9e98b83,77007459d76d86cb11837e1452081e6b447bcf9c,2013,php,,CWE-79,,
grails,grails-core,7c459eb23c8552fd9cbb975f1b77b998adcb4eb3,c16c4cdbb881a388237b709061e323a90ec75f34,2013,java,,,,
php,php-src,7c7b387cc323bc372fe15f62fb1efdfb705e02a3,efe519c1945a3ed0ae93c8466e02fec2a6997b09,2008,c,,CWE-119,,
mantisbt,mantisbt,7c8a564c5b0d29cf2345adb0593477069466b10b,fe9da540f09fe4d3473a302446c4a1ea11ebf103,2011,php,CVE-2011-2938,CWE-79,4.3,MEDIUM
nextcloud,server,7cb0df28e2d99237c92922d9bf2fd203f0f1d8c0,d61c8d74bbba9901c453a5f9be9a4ffa6cce4291,2016,php,,,,
joomla,joomla-cms,7cbfe86124328ca8209f92b52f3bdcb418355f7c,8ccbf0ab98b35e2c8289f1240fff52f7a1ad3957,2007,php,,CWE-89,,
mantisbt,mantisbt,7cc4539fca65a61c48a40e31787e7d4751a7f9bd,75c87e679a3f7f9195c62d92cf02a64d80fc5288,2014,php,CVE-2014-9573,CWE-89,6,MEDIUM
mantisbt,mantisbt,7d3dd4305a7ec19b351e6e63e823cffa17d40d9a,8961a6670e5baba75445e8a23331ab82e1d7618c,2014,php,CVE-2014-8598,CWE-19,6.4,MEDIUM
mantisbt,mantisbt,7d76827617e97d7356e7eb4f2f66736e4c4d41b0,3be86ce37bb469b211663da03f61ac2b28500d91,2014,php,CVE-2014-1609,CWE-89,7.5,HIGH
mantisbt,mantisbt,7efe0175f0853e18ebfacedfd2374c4179028b3f,00b4c17088fa56594d85fe46b6c6057bb3421102,2014,php,CVE-2014-1609,CWE-89,7.5,HIGH
josh,rails,7df68a300c9395e3edf8c603b6fea3db9eaff003,f838caf350c3405ebdf10a6c6171adfa0a840905,2014,rb,CVE-2014-3483,CWE-89,7.5,HIGH
osTicket,osTicket,7e7c4cf0a7daff517f37432fc9de4df34981ce16,aadec3435fe49bafdc3f86e09ab32c1ae5263f67,2014,php,,CWE-89,,
dlitz,pycrypto,80252248ab1ac8599b946e026dd8895146977903,abd276c5fa31abf0b1d70ca4624e30cdacaee867,2011,c,,CWE-208,,
php,php-src,80367584910885baa1a2a4476a4a31efdcf0c9c0,f7d7befae8bcc2db0093f8adaa9f72eeb7ad891e,2015,c,CVE-2015-4642,CWE-78,10,HIGH
mantisbt,mantisbt,806582eb4ded03716c333b05d8cc6b4448f2fc5c,eb562360554d5e5c8ed2c1fff8363d13b1b2be32,2010,php,,CWE-79,,
openssl,openssl,80bd7b41b30af6ee96f519e629463583318de3b0,fb0bc2b273bcc2d5401dd883fe869af4fc74bb21,2014,c,CVE-2014-5139,NVD-CWE-Other,4.3,MEDIUM
darold,squidclamav,80f74451f628264d1d9a1f1c0bbcebc932ba5e00,5806d10a31183a0b0d18eccc3a3e04e536e2315b,2012,c,CVE-2012-3501,CWE-119,5,MEDIUM
cakephp,cakephp,813a3af19c8918b00ca1067a2c78886fa3bcd9bb,215333e56f32f06fd107966cf508ea5df4672ec0,2010,php,,,,
WordPress,WordPress,814865ea9e7db4d5e18fcadc1fa3f43a673f8559,f62bf61b2c59bf5484888f22d0b7dff0f0df050a,2015,php,,,,
joomla,joomla-cms,8173c65e792b8fba65f88032d10da7a2f7cd5bd4,fca1c962be8966ae3b21132d8e11a74ae8631baa,2005,php,,,,
cakephp,cakephp,819cd1d667090c5b0cee9fc525dd312fe647c978,d60191a1f6e396e94f63db43c41353a19d5dfda5,2008,php,,,,
curl,curl,81f151c912105ded480c3c88a1be53ca345298a1,b80490641414983404eda65095224535a41a12ec,2010,c,CVE-2010-3842,CWE-22,5.8,MEDIUM
nextcloud,server,8313a3fcb3b24bf9e36f48581f64336623ae1ead,1f96fb3352ad43155586d6deae95bf889768ba05,2015,php,,,,
owncloud,core,8313a3fcb3b24bf9e36f48581f64336623ae1ead,1f96fb3352ad43155586d6deae95bf889768ba05,2015,php,,,,
jspahrsummers,libextobjc,83950e5aaf16f6bbb4b7137e592088a0abd1cfff,74c5013532866bc80249f25214e6eb3378075955,2011,m,,CWE-401,,
mojombo,god,83968f49057fe79dbd365734bfa2ab3df1778c8a,c173cedd248239b82f5e432b355a58e859d04b21,2009,rb,,CWE-401,,
freedomofpress,securedrop,8513cba313aa9613bd0128e4d494aca32e1a2b88,e6a502d468aa21922609e3c6acc5ad1b014a8d91,2014,py,,,,
php,php-src,85e985f191c228cb6b119ebe223d682c9166fdc2,8de8636a2b6dc331486284f1f037259bb7347768,2016,c,,CWE-664,,
ensc,irssi-proxy,85bbc05b21678e80423815d2ef1dfe26208491ab,d5688da48306918cdfd79ee9b27abe377204befb,2010,c,CVE-2010-1155,CWE-20,6.8,MEDIUM
google,google-authenticator,86af4c32a2940b13397cac52eee435e6acedb8a5,a096a628455a05c5ff3b651e6aeb1dad9a646742,2014,c,,,,
joomla,joomla-cms,874b6955faeb6a136a63b20f749ceb1c103a3933,9169d5f0e1b4ddf887c1e30547b91c64cdcf05a9,2013,php,,,,
MPOS,php-mpos,8756036646952355091faec922b40e54b6657996,e5c97201741671a45bae2334eec49739c7495f59,2014,php,,CWE-352,,
facebook,buck,88f01ba38d2e706cd0b98ae984e9d3eba6888055,ae114af005c26a226a5fa40970eba14d42d17e87,2015,java,,CWE-402,,
freebsd,freebsd,899dc2f69f641e9dece346d05f218862dfb4795d,910598cf7dbded8d863c47d3126740ca306640c7,2016,c,,CWE-404,,
josh,rails,8a39f411dc3c806422785b1f4d5c7c9d58e4bf85,b0555bb88b090ca981fcc7661b6f9ea333e7f42e,2011,rb,,CWE-89,,
nextcloud,server,8a7d450fb5c80477e4414cfdf86b4737905cb8f3,5c718b13b8c68fc89661edbdbd40822bb55f544a,2016,php,,CWE-352,,
josh,rails,8be6913990c30f63618173da722148892348dcc9,5dc2e3531babcbdc165884d1a47cbcd13455522d,2013,rb,CVE-2013-1855,CWE-79,4.3,MEDIUM
FFmpeg,FFmpeg,8bb11c3ca77b52e05a9ed1496a65f8a76e6e2d8f,c443689afbb3edf3b025d4b7834c707d63eaa6b4,2013,c,CVE-2013-7016,CWE-119,6.8,MEDIUM
php,php-src,8d816ed0efe644fb19845424071253036e9b0f09,e68e2893c07e712ad6469ffda0658cc1d04f66e7,2011,c,,CWE-134,,
krb5,krb5,8ee70ec63931d1e38567905387ab9b1d45734d81,2fef06bf57bf317c72d6c91d332935b6fc2e98e5,2013,c,CVE-2013-1416,CWE-119,4,MEDIUM
MISP,MISP,8e75f0826f6ebad2cb69eaceb437a6b3a0ef359a,6d1dc6df95c25d256115b852fa68f5d7594b3b7a,2013,php,,,,
mattpass,ICEcoder,8f1cca087bef95c873e9cf2fd7c4798c185f4c51,d826469c495a2e74d36760f627915a9455091f82,2015,php,,CWE-384,,
Graylog2,graylog2-server,8fc8dc4e2f3a6b499a1c18051628268a606d7f07,4dd9c321314c10c5427888a145b242da8ac0c08d,2015,js,,CWE-79,,
splitbrain,dokuwiki,8fcc3410e3603bb823483a739753a3c4a12e6d7c,041d1964bde2693df05726690877835ddae4e83e,2006,php,,CWE-78,,
vanilla,vanilla,9049a17454628c07221675128c4a662a58819272,025156c900c7d72ab9811568accc7a49dba2ecc8,2014,php,,CWE-352,,
tornadoweb,tornado,90b8078739c8166d26de723178fb2151043e8218,2338348edda61c663fff8a7f6f77cf489bf63de6,2011,py,,CWE-352,,
bacula-web,bacula-web,90d4c44a0dd0d65c6fb3ab2417b83d700c8413ae,2349d14c91d5391d5e6d0618c94dc51c54fe3ff6,2017,php,CVE-2017-15367,CWE-89,7.5,HIGH
forkcms,forkcms,92cbaaf136242a4cdf613a980ff12e35f25d8781,873d13845ac7a93ac7b5f7e0fa346bc68669470a,2015,config_files,,CWE-928,,
cakephp,cakephp,92e3e09fdc218ebf8eb50e896dcb1728d02eadfc,c4031bfd0a45420ef17a4a3eec45971c28e8e31f,2015,php,,CWE-22,,
cloudius-systems,osv,92ff9880e07c7669c56912dc2d16378b7bcb6476,8ffe45bf0e00b4b95140ea9aa6035d71f90a86ee,2013,cc,,,,
josh,rails,9340f89849606dba02f44038171f3837f883fd4e,344ea048659f2ba47012f0330183ea4a96752732,2012,rb,CVE-2012-2661,CWE-89,5,MEDIUM
edx,edx-platform,935d5dee34563def3ce870ce849e1b2dc2c9f833,3a772752de1d3dfc3ff3c9f0aa65cebfb3b63d7b,2014,py,,,,
splitbrain,dokuwiki,93c020ac9b91843bbf74ce62f6f4712e31435fe1,0f3058750a5c51ab212bb73db103969bf6f03953,2006,php,,CWE-79,,
dlitz,pycrypto,947b554d85012cf35185ded38ef3484de010d2cf,0782d68840d0ebf850516e606e398b8a5396eb64,2014,py,,CWE-208,,
laravel,framework,953d0a8ba9827aee870f00afb3ca38721dea239c,b9f072942bc2f98da3018fa3c3bceeb87288b442,2016,php,,,,
forkcms,forkcms,95446d29a7cb1240d804fd8c2ad6184fc4c9649d,44eef2274c69ee9b4d6c72d98f47f52e58011c65,2011,php,,CWE-79,,
torvalds,linux,9581d442b9058d3699b4be568b6e5eae38a41493,2b666ca4a68cbc22483b0f2e1ba3c0e59b01ae9e,2010,c,CVE-2010-3698,CWE-399,4.6,MEDIUM
Graylog2,graylog2-server,9590a4cbb53871812cd510b83206707d54126cc6,8fbe12c5b518ca4d2f11de659d5906dbe5bd770e,2011,js,,CWE-352,,
WordPress,WordPress,95df22248db483fbf80acbb9333a2c2dd4658fbb,8772cbfa138d9e46d0fcb97aa0a2a0b15e8eb6d1,2007,php,,CWE-79,,Critical
php,php-src,9603f16f995154a858d7e0b31eff3a9b79f88ff7,f39a8517e002d33ace29ec0ba15acb30c9fecbb3,2015,c,CVE-2014-3538,CWE-399,5,MEDIUM
vanilla,vanilla,964a3fcf6efa645188d1fb0bc3f5a3198a8bdbae,53c917efc533422be7752b2b5db81193f4401359,2011,js,,CWE-79,,
laravel,framework,9664db9351090271b20d2162c106c566be17cdba,0964852338dbd918025838f7afa0591eff615331,2013,php,,CWE-384,,
php,php-src,96aa2eb2340c1d4131fbcc508f734ec7c807ff25,5d90aa1299da1ac81faf065c4aa0dc4196276cc1,2011,c,CVE-2011-3389,CWE-20,4.3,MEDIUM
cakephp,cakephp,974ac44fb43a7ecba9f14d16a0c7e39530f14e88,613aa19d945a508c2aaae6470fe90c87806445e5,2013,php,,,,
mantisbt,mantisbt,974e6da4a2f07c408b1683acae774f438b5a2f11,184a0f4a06e9941cc126cfacf0774badf2255a88,2010,php,CVE-2010-4349,CWE-200,5,MEDIUM
mantisbt,mantisbt,974e6da4a2f07c408b1683acae774f438b5a2f11,184a0f4a06e9941cc126cfacf0774badf2255a88,2010,php,CVE-2010-4350,CWE-22,5.1,MEDIUM
mantisbt,mantisbt,974e6da4a2f07c408b1683acae774f438b5a2f11,184a0f4a06e9941cc126cfacf0774badf2255a88,2010,php,CVE-2010-4348,CWE-79,4.3,MEDIUM
torvalds,linux,983d9e065b37dac5aaa2d5a819bdd5b5a0b78c8c,04b03594c73c1877a98c7a657cc45bf5e9d89f7c,2016,c,,CWE-404,,
splitbrain,dokuwiki,98ca30d292f2cc203a5251719e06d1a9f2bdf4b4,89b96b7aa04a458fb2f69fd61be8cc7ddf033538,2016,php,,,,
mantisbt,mantisbt,98f63cf5d7f136cedf6791606d4dfe7d1989f113,141cbe6e866797b102313ef0aa8f46896871ab9d,2009,php,,CWE-79,,
openssl,openssl,992bdde62d2eea57bb85935a0c1a0ef0ca59b3da,bbcf3a9b300bc8109bb306a53f6f3445ba02e8e9,2011,c,,CWE-208,,
forkcms,forkcms,995220182068518e89019a265d113518f6566407,4462ca5cb984294d3212e11a2aa8ae8adca094d3,2012,php,,CWE-79,,
owncloud,core,99cd922b82ca7684967ec3533fcdd5af32c0edc7,c88cf5cae558c598714ca88f5e8fe917c0411d31,2012,php,,CWE-208,,
josh,rails,99e9faeda8f039d34e9eeab319e8adc13cb9bc86,d70d5219554b55b24586d559bd39d829317d523d,2006,rb,,CWE-89,,
josh,rails,9a385394acd6599ff588daad491e9e07ee716091,05d4653cef1c1d8d77228de26d55cf6d6a0ce20b,2011,rb,,CWE-401,,
torvalds,linux,9ab6e6e7db3027728067a827b2366b2aca4f519d,0378c9a855bfa395f595fbfb049707093e270f69,2014,c,,CWE-401,,
phpmyadmin,phpmyadmin,9b2479b7216dd91a6cc2f231c0fd6b85d457f6e2,e9e3998949adbacf82b90e9d2061bf56e609a373,2014,php,,CWE-79,,
php,php-src,9c805a6cb31596c41609512bdd8a9a76c9ce9b15,0e51f9798c6cea1b155cb18342a43c54be55a1fd,2015,c,,CWE-22,,
openssl,openssl,9cb177301fdab492e4cfef376b28339afe3ef663,069c3c0908dfa8418753d0c25890a9d4fb67178d,2016,c,CVE-2016-0799,CWE-119,10,HIGH
realm,realm-cocoa,9d3890e96f0ebbd358f5f2d5ee619dea7f8e7310,210dcc41d0487e5bb86a159d23e048e802a1997c,2015,m,,,,
vanilla,vanilla,9d3d1eb813b3f43703222e09b82df7d5376fc7e5,d91b512fe6337e1cee23f3ce2e2c732235c4d4d1,2015,php,,CWE-918,,
rubinius,rubinius,9d562557cb279370c85752b7811be1d5dd012647,cbc12aae34e9d2e1dc6dd5888450f871962b2683,2013,cpp,,CWE-401,,
joomla,joomla-cms,9d8d07c9348a76b5c1ca579f54a0f2096df86793,c1687f3af93e9a8ec81bc63db6f49ac0dc789483,2007,php,,CWE-89,,
MISP,MISP,9eb5b7ffb7a5fc8f8fe8c0fe40f070dd92d05b6f,6e842da5bca360649658817a2dd22c4fc09f91b7,2014,ctp,,CWE-79,,
jspahrsummers,libextobjc,9ebea0bd45cb57c2f282b3773237622f9eb43ede,01a5c0372e4a14885916135997c846bf26b33348,2010,h,,CWE-401,,
josh,rails,9f69ff12d44c4d1e475fd6efede120ccedba3b3e,d45e2c733d471b0c87f7cf721376ca4802450121,2008,rb,,CWE-401,,
cakephp,cakephp,a08c09ab17e5b3e76eeee753917662a3e3691830,33a38118b69ef9289d95183ca24b968f33c33707,2010,php,,CWE-79,,
FFmpeg,FFmpeg,a0bafaabb0656ca3bb3591beba0de79f6153fdac,7f2228dbfec0268b8b486573041043c0de1aa381,2011,c,,CWE-134,,
micahflee,onionshare,a12dd0c4a978bf97b307c2eafe4b7d02f538b53c,7ef02955a09fe6e6a8bb6373a8222a6c6090f455,2014,py,,CWE-208,,
nicolaslopezj,searchable,a1956ee23edc8a041667909b7cf8923696d1c3d1,0f3cd1eeb405a6fe8f5cb376c34ffc3cded999e1,2014,php,,CWE-89,,
mantisbt,mantisbt,a1c719313d61b07bbe8700005807b8195fdc32f1,27b5b292c9814a40fdd5715fa499a82e29f6f866,2017,php,CVE-2017-7897,CWE-79,4.3,MEDIUM
WordPress,WordPress,a2693fd8602e3263b5925b9d799ddd577202167d,6f2db8ea69125c654072513821e272a20d0388f1,2017,php,CVE-2017-16510,CWE-89,7.5,HIGH
mantisbt,mantisbt,a2ae23486eecc690325c8f3b0e76e3118286cf58,8f95c9e3fb3451bf6415206a9db17645e8f97752,2009,php,,CWE-79,,
mantisbt,mantisbt,a2d90ecabf3bcf3aa22ed9dbbecfd3d37902956f,23da4e0c814e6ed5ee1fc51be6d2b5f15866b7ca,2017,php,CVE-2017-6797,CWE-79,4.3,MEDIUM
cocos2d,cocos2d-objc,a3002d3d416524c53da6534a819a41db8c952e9d,b98703fb827297dadcfdb423ca181b92217bd504,2009,h,,CWE-401,,
phpmyadmin,phpmyadmin,a4e8d008f407d92c7177bca799c54525ba9032ad,1daa32fb97b90fd1bf233cae9ed249e37fa175c4,2014,php,,,,
dlitz,pycrypto,a515b7a4a417e82c7822edb2afe63dd896f3db1e,447a6194285701b36a320fe5ba548859e88d4d05,2008,py,CVE-2008-0166,CWE-310,7.8,HIGH
php,php-src,a552ac5bd589035b66c899b74511b29a3d1a4718,6a9d9cf2724df4b00c63c206689b0bd60d334388,2016,c,CVE-2015-5522,CWE-119,6.8,MEDIUM
BradLarson,GPUImage,a660bfd0d760e431b780badd4cb0837fe42dbb8c,6d00ebb32f6dd4ede5c65f76ad3157fd3e57c408,2013,m,,CWE-401,,
postgres,postgres,a7a012d1677cc81e32c2dfda1aa9ec083fe6a295,47f14e7ddf4a1e139ca1a05e673be4f1d3c1dc06,2003,java,,CWE-89,,
joomla,joomla-cms,a7adeac42a4018587f7550d61ac2580196fb3ca0,9008d1036284da197942e09d921a485dda14230c,2007,php,,CWE-644,,
Graylog2,graylog2-server,a81c7dad4a90d047749a1d1e3e27a87716cad2e2,72cb5c1e17ee8b5e29ca314b308fdadfa7d59bae,2014,java,,,,
WordPress,WordPress,a858edf40516bc1f66196ac5507b4116985e8342,137705d20ba6f1d878e5f4378905e51c34631316,2009,php,,CWE-79,,Normal
owncloud,core,a862fec9a329c449b808e8d888764cbc9cc0bc19,5e711f37ca3f009317a3c8cd0e47ed4f15922142,2011,php,,,,
gitbucket,gitbucket,a889ed7c46b2cc420aa104fac81ed603bba9b14d,8643bfeb374be233ed4b734bf082fe2db9499155,2015,scala,,,,
Codiad,Codiad,a88b18027568d9c6539ab91932da84a45cd44e6b,601e89d77bcef6796301c1b7a6b75a30e7c393e5,2013,php,,,,
openssl,openssl,a91be10833e61bcdc9002de28489405101c52650,a7c682fb6f692c9a3868777a7ff305784714c131,2014,c,CVE-2014-0224,CWE-310,5.8,MEDIUM
curl,curl,a9beeeeeeac018157412e4510342554a48df54f4,a8ec986981d6a218ce3abac27b9e0b0e76286863,2014,c,,CWE-401,,
curl,curl,a9cd4f4ed49e1a0b79f8fc6a0cb129331fa04f23,1d28efb9d1759bcbc81d28e462c2e3a5d60a17e4,2011,c,,CWE-401,,
forkcms,forkcms,a9d22fb220777aa4890b2901f39e1c56b39b43ec,bc555f7f1857ebaa70b20405d54cc551e7942c11,2017,php,,CWE-79,,
pfsense,pfsense,ab17ed4e70cc8cd8337846525a3694d81fffff32,da60727cead91cc475c6fa2ddb2309ab79962467,2013,inc,,CWE-20,,
cakephp,cakephp,abf1c69babdc6bb071bf4f6a26f60f091fa63283,7bdc47f797e8ce5b6251e1604d3229f5f9dc208f,2015,php,,CWE-22,,
mantisbt,mantisbt,ac3fe2f105edd4b5c6b466d34b8694efac026131,cd0523feeb22d6e433a244c61876e5c860559bad,2006,php,,CWE-79,,
forkcms,forkcms,acd6e0d9a3f8cb67da3cf5b8cc82c5f7afec1cfd,eb3aa4bce9bd1c81af70691a707f77fe2fcf7530,2017,config_files,CVE-2016-10074,CWE-77,7.5,HIGH
postgres,postgres,acf09c64b0264715a4e29d3e04b5ca274350765a,f0f137599ae5af43f15363f921744bd3c2361966,2003,java,,CWE-89,,
curl,curl,acfa131c8cc94930064c23561892a83295aaffd3,793d0e27e1e752c961dd886dcd106c67f8bc8513,2003,c,,CWE-401,,
Graylog2,graylog2-server,acfb10054b70a57664a632b84230d81ef22a80a3,1ef662d8ebf9158ca929d2c7bb389725ba818a5e,2013,config_files,,CWE-928,,
josh,rails,ae19e4141f27f80013c11e8b1da68e5c52c779ea,0b58a7ff420d7ef4b643c521a62be7259dd2f5cb,2011,rb,CVE-2011-0447,CWE-352,6.8,MEDIUM
curl,curl,ae4558dbb479f09ea01164b1a0d4ac54ec88b29c,ee7669ba3adeec052d999d9b415bb34caaa1e94b,2013,c,,CWE-401,,
phpmyadmin,phpmyadmin,ae67d35cdc00eee733c278c91ab547db5d47a217,a564d981e9ef5022d69b2720d6a6126c73c74637,2013,php,,CWE-22,,
slimphp,Slim,ae7c4815929af0baa0abdc6f81e0dc73f1ff785e,09545b50a6c1bfb10d1ab7bac60592b8a78a3e2f,2013,php,,CWE-94,,
MISP,MISP,afdcc1af0c39c00d60e65c043c8216fb05b243fd,a380458d2e9072c1f5affa52ad259b38108e3ca6,2015,php,,CWE-352,,
mongodb,mongo-php-driver-legacy,affdd497be96f842d55d282e1b7a17ea9458113f,52439c74d9a884593a62a8dc1d0638d83d53c42d,2011,c,,CWE-401,,
curl,curl,affed6725ee58aa4dadb227d8033cc3a1dffa7e1,7f304ab84f560c9ddcd3ed1887bb4aa99a90bd6a,2011,c,,CWE-401,,
mantisbt,mantisbt,b0021673ab23249244119bde3c7fcecd4daa4e7f,5d1a57f8c0e15dc3e771d382f5189578e908da9a,2014,php,CVE-2014-9089,CWE-89,7.5,HIGH
moodle,moodle,b0a583932a735bc6a205d0c203a94b6fdd94995c,5fceb11e6c9025b374949b8b75c0cbd142bdbab8,2015,js,MDL-50784,CWE-352,,
openssl,openssl,b128abc3437600c3143cb2145185ab87ba3156a2,3444c36ab489b7084832254723a356e3c2eb023a,2016,c,CVE-2016-0701,CWE-200,2.6,LOW
lxml,lxml,b14f67842b88f2fcecb24166f1ffb7de156066b1,0af4cf494d4ee955366f9d4b059ad1f78ef60185,2010,py,,CWE-402,,
php,php-src,b15f0ecc0f34364fd7ce924b4164be4e8198ff93,8a4d164c2b33e7a89af13762dbc09941df14a035,2016,c,CVE-2016-3074,CWE-189,7.5,HIGH
josh,rails,b16e0c922344da256ab977fd5e7a7f69e0be90fc,9a73630d935e360f3dc896e50dd673afb97cf3b5,2009,rb,CVE-2009-3009,CWE-79,4.3,MEDIUM
josh,rails,b29e89368841869c92d706addddd09f436a3ea2f,c6372d604952a8eef16ce73a06814aa143b94779,2010,rb,,CWE-401,,
grails,grails-core,b2e1ca445f26a2a6a58a284b4089ffd1e65ddaf6,a5988e10e2f5229719b34b3c48cf395a066a3105,2013,groovy,GRAILS-7170,CWE-79,,Alta
josh,rails,b31a7a6f1ec3c74f75b4cd12386b08295287418d,2e3c3a87d81e16a2fed442c1cf31360f75737a83,2013,rb,CVE-2013-6415,CWE-79,4.3,MEDIUM
taglib,taglib,b3646a07348ffa276ea41a9dae03ddc63ea6c532,8ed9b0da2cdb2ac870052d4734b622e755430f71,2012,cpp,CVE-2012-1108,CWE-20,4.3,MEDIUM
openstack,nova,b5f8ab0e913c121a80ff0efe358960099e7c87f8,1cc5e933ccc29a88d09d2050e5224ee27eda767c,2011,py,,CWE-74,,
neo4j,neo4j,b60a4547effa4c77f183bb10cc7c68dee8464f1b,a077134d2ee35b5340b5728603135148d6eb901b,2013,java,,CWE-402,,
ci-bonfire,Bonfire,b60ea88257c58d23c97ac95a4291dbd22d4c54f9,21b3af7c32f7c8a634dfbaf5fa55ccfa25779018,2012,php,CVE-2012-1915,CWE-79,4.3,MEDIUM
mantisbt,mantisbt,b649c9c91b856ef062f71ac6df16f0426238c182,e8ff7b99d6830bdc78aa13959fa6355ca298c0f8,2015,php,CVE-2014-8987,CWE-79,3.5,LOW
pfsense,pfsense,b71f0cbb059eacb260f71ce671bd7b4dbae39c5e,64307806ab5b53a60a4343862f806be90e2eea79,2012,php,,CWE-352,,
vanilla,vanilla,b79151d1a1a713ff39355ed0dd10319bc615116a,0630c700cf502973196687938c71747a58d3de95,2011,php,,CWE-79,,
torvalds,linux,b79a79471bd31d737c939a6ddc347417047b4320,082ba88a5e6b1425abed3fae4ad65e0e985ed081,2009,c,,CWE-407,,
openssl,openssl,b79aa05e3babdbab92c6356f6e51f7bb43c41576,500b5a181df0e8e442e4cbf954213ff886b29df3,2006,c,CVE-2006-4339,CWE-310,4.3,MEDIUM
WordPress,WordPress,b7ede43c4f69b29cccfae79abda19d3c575034c9,ad646bc1838454b0859f196c13a41d8815b9a15e,2014,php,,,,
Pylons,pyramid,b809c72a6fc6d286373dea1fcfe6f674efea24a5,4517ec56047d5f33e0b190b69be2be1029612c05,2015,py,,CWE-208,,
owncloud,core,b86f2069ff1f434373c0babe0c28db5ee431498e,2f3c0a6d804609aa908b8e938943e3ab8679b0a9,2012,php,,CWE-384,,
openssl,openssl,b8d243956296458d1782af0d6e7ecfe6deae038a,c31dbed70c0be1578276367a1ba420ac935d0c68,2016,c,CVE-2016-6305,CWE-20,5,MEDIUM
libretro,RetroArch,b91527749e93aa70d51a727219e44e79fa8cc4dc,6a845dec645914a00441c66d6baf09d66cf22500,2013,c,,,,
josh,rails,b93c590297ba65a6c5b18655a7790163abcb06f1,3ddd7f7ec9b156e4b7de4c23d448c2db98f30504,2010,rb,CVE-2011-0449,CWE-264,7.5,HIGH
google,google-authenticator,b9ce63a46a34391cdef2ffdb24e52c35b397126e,beb43d7baf22c0f9c0d0f87c1ce5473c41943d06,2015,c,,CWE-119,,
nextcloud,server,ba4f12baa02dfb55ec8822687896d643261440c4,7cdf6402ff9a0e07866ca8bcfcffd0e0897b646a,2016,php,,,,
josh,rails,ba80ff74a9627f676b4c426587ce5ea487665e46,de0ed534f6055c365d05c685582edeceef1eafa6,2008,rb,,,,
phpmyadmin,phpmyadmin,bbccc368173294f8d713a0f4dbfca28560811b33,2d56821c0f1337ae3fec7e845a396e2b0448fdeb,2011,php,,CWE-79,,
php,php-src,bcd64a9bdd8afcf7f91a12e700d12d12eedc136b,ff10dceff87f4c94c55e6bc2e962f4bb3d66feb4,2016,c,,CWE-416,,
MPOS,php-mpos,bd2999526edd763546e8bced5378e8b46a50ee54,7e3197246a0f15382e83a839c158e51ea4bc43a3,2014,php,,,,
vanilla,vanilla,bd302be7d2103139a2b8db8fa5ee76a236c66fc8,5393e0d28e2c0fea05585e103b660226680141fb,2013,php,,CWE-79,,
josh,rails,bdcd5f94b2efdf661f201917d63476c245aa7c09,e167a54785e319c526b638d591eaca0c4da93a54,2014,rb,CVE-2014-0130,CWE-22,4.3,MEDIUM
PHP-DI,PHP-DI,be416a1a595ab435c08211646aae76ef3635631a,b25b80079f09f0ae8d4f44d2502ac85008976b34,2014,php,,CWE-74,,
unbit,uwsgi,be6f61aa1bc30ab6c1af63915d24cc3dc91e915e,eb6c35aa95c231b788ce61b39766501519bd7657,2013,c,,CWE-402,,
josh,rails,bea9c9b4c0f9bb7356ea2058118fe40495432010,b31a7a6f1ec3c74f75b4cd12386b08295287418d,2013,rb,CVE-2013-6416,CWE-79,4.3,MEDIUM
pfsense,pfsense,bef1056048aa2e0839fd5839e83da154f06c8c2c,daeab6c45370e05491ae60f854fb3b9967c6f94d,2014,php,,CWE-79,,
josh,rails,bfc432574d0b141fd7fe759edfe9b6771dd306bd,586a944ddd4d03e66dea1093306147594748037a,2011,rb,,CWE-79,,
toretore,barby,bff5b21bc2a08300569d6b81f09c41e39297455e,cd497a93b52f97ffe2aa8f196b8926affbdc7291,2009,rb,,CWE-401,,
josh,rails,c014c3e5c14beb71fa7c67f15448386d0ffaba28,b6fde6b4801fae26cdd0e790f6bfd06e7afe9941,2009,rb,CVE-2009-1904,CWE-189,5,MEDIUM
mantisbt,mantisbt,c154fafcabdc1226ec19985c9bb42331eadcd7ac,880db8239af02a76994eb923e12d59f247ea0591,2009,php,CVE-2017-6799,CWE-79,4.3,MEDIUM
cakephp,cakephp,c1680b2dede92d2c1baf9d9a6493c7af4dbb7bbc,318d7c1c1ff0e8dac79084a8ffc99d58ad0f778a,2016,php,,,,
grails,grails-core,c1d13410a0a8d88841b6afcae7a7bfa0ebf5bad7,d10659d4aec4ca3a6760f04b3b22a9d0ff656e3d,2012,groovy,,CWE-79,,
openssl,openssl,c1ef7c971d0bbf117c3c80f65b5875e2e7b024b1,41bff723c6784cc846054a4fd4add6dbec8c2c64,2016,c,CVE-2016-6307,CWE-400,4.3,MEDIUM
AFNetworking,AFNetworking,c23c37ab4ab9b2401e824df717538e37bc5c85a4,92006270b12ed6778095afc9d8bae9b54210df18,2015,m,,CWE-401,,
mantisbt,mantisbt,c272c3f65da9677e505ff692b1f1e476b3afa56e,f8b2510febf47700b3e29b4d0c746e2d16c29487,2017,php,CVE-2017-6797,CWE-79,4.3,MEDIUM
joomla,joomla-cms,c277c23c617d5a9eddd2a45b7a438460d5fc6f15,1011d21ea64aad20ca49d266b860f1afb5ffb18c,2007,php,,CWE-89,,
curl,curl,c2a809cd265c37e7bbef55e64d70114d2f0d7189,ae7d6b715448101caf99ea3555c7b7448711676e,2016,c,,CWE-401,,
openssl,openssl,c46ecc3a55bcbbe4ff31da3864d015e343b0189f,7388b43cae035484036f5dc46c231ce6282a1367,2012,c,CVE-2012-2333,CWE-189,6.8,MEDIUM
s9y,Serendipity,c62d667287f2d76c81e03a740a581eb3c51249b6,6285933470bab2923e4573b5d54ba9a32629b0cd,2017,php,CVE-2017-5609,CWE-89,6.5,MEDIUM
curl,curl,c62d7944cf75f402d45523e3e415e44e83f5d733,716302c2cd59f96ecd96f949db92576d204cabae,2016,c,,CWE-401,,
phpmyadmin,phpmyadmin,c79375598d46552fc1717f798a6560f9a1cdc102,a5716cb3892f1714a97d8808cde9229ccc8752c8,2011,php,,CWE-79,,
cakephp,cakephp,c95def9d664dc5e25d4fa9ee7d182858956326a1,2109e03c30c42988e4623317d7d756040dd48bc6,2010,php,,CWE-352,,
phpmyadmin,phpmyadmin,c9d93f63940fe960d3b6341d8bfb7b707c87e744,9ae2b21e220cde1cb9605dc1d3827bcee4cd4ba4,2007,php,,,,
curl,curl,cb64c987a062a9c16ab997415a1440182edb069a,67d16160184493c6717e4e572fafed7467af4983,2010,c,,CWE-401,,
openssl,openssl,cc22cd546bd0b0e1b55c1835403ab564d5f30581,7b3a4d610731929d4fde15411f9be9b883974980,2017,c,CVE-2017-3733,CWE-20,5,MEDIUM
osTicket,osTicket,cda62e2d24ad7e4b165c88df8fcc85e1ef695ac2,ecb9178f24f5dd1ddbba06776d0f583a42ba2998,2012,php,,CWE-352,,
jokkedk,webgrind,ce66c4408c2fe0db526b4cd915c765a009f3084f,077f79f13ddc8efa4cb10c2c041eb4b50037e0e3,2016,php,,CWE-78,,
krb5,krb5,cf1a0c411b2668c57c41e9c4efd15ba17b6b322c,0a97afba6986e2818cd26869704820e00efcae63,2002,c,CVE-2002-2443,CWE-20,5,MEDIUM
php,php-src,cf4753691dc55999373d1c576f62ecb298723420,ae74549239f80ef40e978942b71c08a7e8a09a23,2014,c,CVE-2014-2497,CWE-399,4.3,MEDIUM
nextcloud,server,cfd0140e2faa250e6e90cbeb4ec2ca4dcceed2f4,3c182bdb351cd0f7938c9f9f022b44b4e530664d,2012,php,,CWE-79,,
owncloud,core,cfd0140e2faa250e6e90cbeb4ec2ca4dcceed2f4,3c182bdb351cd0f7938c9f9f022b44b4e530664d,2012,php,,CWE-79,,
owncloud,core,cfe219fbb9f2f734b063041ae420400044f90000,344299a074e135140262d051531f723be69c786f,2012,js,,CWE-79,,
nextcloud,server,d01b78a4b486860ab7110677e9969a37ee2a832f,4e327295c65b25fc5d6ceec5a8242eecf57b94e2,2012,php,,CWE-79,,
owncloud,core,d01b78a4b486860ab7110677e9969a37ee2a832f,4e327295c65b25fc5d6ceec5a8242eecf57b94e2,2012,php,,CWE-79,,
dlitz,pycrypto,d044a478332682c253c379db87d444b056e4ab37,f9a0fc77e1c8847c1a17503e5a1b86a409b8cb2d,2013,py,CVE-2013-1445,CWE-310,4.3,MEDIUM
openssl,openssl,d0a4b7d1a2948fce38515b8d862f43e7ba0ebf74,1250f12613b61758675848f6600ebd914ccd7636,2014,c,CVE-2014-3507,CWE-399,5,MEDIUM
PrestaShop,PrestaShop,d10cef87f99c60f6213f336220efc49f3821bcbc,ab2af6ff20716afccb4e828c9c151b56d2d3f6eb,2011,tpl,,CWE-79,,
mozilla,kuma,d186dd1e20a5d0f1b7d295d410485bcfb7807ea4,e43ed532e9623eeea4a492c7477c76acf8a2f995,2016,py,,CWE-79,,
nextcloud,server,d18bd17eb7d13010e3daef5351d7f7ec64480fd7,d134ba9a82a904ba317d4a6d9a75e46ab9249ddc,2013,js,,CWE-352,,
owncloud,core,d18bd17eb7d13010e3daef5351d7f7ec64480fd7,d134ba9a82a904ba317d4a6d9a75e46ab9249ddc,2013,js,,CWE-352,,
nextcloud,server,d19de49606d45046f9d7755b180e5850bceccd19,56c6e6a334caf690184c84bae290ea596f53c3de,2013,php,,CWE-79,,
owncloud,core,d19de49606d45046f9d7755b180e5850bceccd19,56c6e6a334caf690184c84bae290ea596f53c3de,2013,php,,CWE-79,,
splitbrain,dokuwiki,d1ed0b61f4795d01c2d9675949d2aad4568bc0c7,894a80cc56d188b10cc78bb4c088bea731f991a2,2006,php,,CWE-79,,
curl,curl,d20def20462e7eed5cb8a078c9e09599307346d3,d2b36e466afd69b6e2b202aca21db3bd2e48b190,2013,c,,CWE-401,,
php,php-src,d2274b01cbbadf5516b3ea87ad76fbae18834007,f1b2afc9d9e77edf41804f5dfc4e2069d8a12975,2016,c,CVE-2016-10168,CWE-190,6.8,MEDIUM
WordPress,WordPress,d3100d05cb6e4a3183117ccc901d6119cb0236cc,91d7e604f2591371481831434823e6d44d5f830d,2004,php,,,,
MISP,MISP,d319860268e1d31dee0b8d590cde746aca71ae78,8505396b2519031f6c413586ccb14ab81bf69a38,2012,php,,,,
phpmyadmin,phpmyadmin,d32da348c4de2379482a48661ce968a55eebe5c4,b99b6b6672ff2419f05b05740c80c7a23c1da994,2014,php,CVE-2014-8958,CWE-79,4.3,MEDIUM
phpmyadmin,phpmyadmin,d35cba980893aa6e6455fd6e6f14f3e3f1204c52,2ff7b4cc93eb88325b2ac2930b966208642c1111,2011,php,CVE-2011-3646,CWE-20,5,MEDIUM
openssl,openssl,d3cc5e610d1719a35cda52c9152134b490a8c944,34e3edbf3a10953cb407288101fd56a629af22f9,2015,c,CVE-2015-1787,CWE-20,2.6,LOW
phpmyadmin,phpmyadmin,d3fafdfba0807068196655e9b6d16c5d1d3ccf8a,ffa720d90a79c1f33cf4c5a33403d09a67b42a66,2013,php,,CWE-94,,
realm,realm-cocoa,d4184aa26cfa4e99b6e36502aee7f685e122facc,946e0a4a2e59a3bdf22c9a9220c1746b6bbdc022,2014,mm,,CWE-401,,
antlr,antlr4,d4f2abc5e3def63190c7ab124c5a70dba9e70661,9c186c8d5299e1dcbc8e0c486c3e07c4ab6af0a1,2013,java,,CWE-402,,
magicalpanda,MagicalRecord,d56b7ecd5fd9fe4fd1e2efbae616cda4562a7a01,0a735fc70682aea0338aca73d874b1a8cefc217a,2010,m,,CWE-401,,
cakephp,cakephp,d5bde3fe7a5a66044d4778ccffed0254e2fc87d8,aad72871a09b8b1bf750cde84d42e6a4f4fd7d2e,2010,php,,CWE-401,,
php,php-src,d650063a0457aec56364e4005a636dc6c401f9cd,fd9689745c44341b1bd6af4756f324be8abba2fb,2016,c,CVE-2016-4537,CWE-20,7.5,HIGH
rubinius,rubinius,d66250e74e26d0b46e0330034b4967ce6e18fe70,1262f24460463628c7cc4e275b7c814048937b57,2007,c,,CWE-401,,
naver,pinpoint,d68184cf5c29ffbe76b1fa2b1bce30ec18e85b87,a3911e078b58ed029c7944a5e65e1daa050fa2e0,2016,config_files,,CWE-928,,
cakephp,cakephp,d685c1872046262c9180de23a74516c231bad203,49c11a821945513a5f8e44f52561ace6ba76e3c7,2009,php,,CWE-22,,
vanilla,vanilla,d6b92bbcfa01f3aa2de75e348ce43db622b20a28,51ec43388faf10f8779346d323aff1bd08c42eb7,2013,php,,CWE-79,,
owncloud,core,d71c4db10aad0b1684087c745dcd10560351efb2,564b0358f91df832afdf3a0fd27eaa349508c964,2012,php,,CWE-79,,
php,php-src,d735957cb5f8fee8d13ae68cf75300306c84374f,272cccd1759a358eb9a66e3fb10bcad373acb06e,2015,c,,CWE-416,,
Codiad,Codiad,d76cf0f8627126b2f68f0d78e60d6edc58bac2ee,7b01d10681845cdf36e9b7641f91debe75c44eb2,2015,php,,CWE-78,,
josh,rails,d8cf713afabbd0c3cf8d6674b2d1a7f7c2a0e98c,c63d17c2be04882cc0c7aed5cf2b5ba2f1ef313d,2012,rb,CVE-2012-3465,CWE-79,4.3,MEDIUM
BradLarson,GPUImage,d8f8a98fd4c291add6e577857ccb5079934530a4,a65f6629db953ecb11dfbb8ea6927d156c3338f8,2012,m,,CWE-401,,
josh,rails,d99e8c9e1618f509bb35f052d4bd0d1848bce771,efbb041fb0146d5f633c2e645217f3a734539f11,2013,rb,CVE-2013-0155,CWE-264,6.4,MEDIUM
mantisbt,mantisbt,d9db796f8973696bb606dc03ce42857f6d160d78,e4902b6589ee0147844d1b2288da0ab271d34b71,2010,php,,CWE-1021,,
splitbrain,dokuwiki,d9e0d8dc6f6c9b9f18ce2e33041ae4fc23f77a4e,41c27d5a7c577979cacd974b3763904192487637,2010,php,,CWE-79,,
frappe,erpnext,da79740cdfe4dd73e5ef3840ba45ad2c8df2cb78,3667da1053aed4ac6f8464f3cd91d399ccbaa472,2015,py,,CWE-79,,
Codiad,Codiad,dad3f56b0c5ccf02370fd4d9885b3ac4ace7504a,7b01d10681845cdf36e9b7641f91debe75c44eb2,2015,php,,CWE-78,,
kanboard,kanboard,db88a00d48d1dce48b8700e460c06ff7fb344f0a,db69d5c429cf747e72c4ded26f3821e7f688bc13,2015,php,,,,
josh,rails,db8b636e50ee8a138f48117e8e8ad057cc7527a4,8be6913990c30f63618173da722148892348dcc9,2013,rb,CVE-2013-1856,CWE-20,5.8,MEDIUM
freebsd,freebsd,dbac0019b9eacd7690c1aa304b60f55017b56139,32af91cb3fd0a40a0234d78a4dcfbe0fc51910a2,2016,c,,CWE-404,,
openstack,nova,dc8de426066969a3f0624fdc2a7b29371a2d55bf,e064d6d9f4bf7453a373a082f9bacebc60e201c3,2014,py,,,,
zxing,zxing,dc8f256848b4863dc633cfab0929927ef06d549d,a86b0e7cf3fec99c1a446c4978e0cf607e225b50,2010,m,,CWE-401,,
php,php-src,dccda88f27a084bcbbb30198ace12b4e7ae961cc,f856734c6789314ce50b19d36d523911ef6c6a79,2016,c,CVE-2016-4539,CWE-119,7.5,HIGH
php,php-src,dcf67c4433bfe4177595be7c5ae68ae4c308e835,e64b5c704543df0e9d1925cf52622b1dd686410e,2002,c,,CWE-384,,
joomla,joomla-cms,de79fbb8d15c30e2433a4303c7e93d3687980ccd,dfc894ae15316599f170587818b82febab3856bc,2006,php,,CWE-74,,
twitter,finagle,def012a74fa0da4cc6eb8c5f51d34ce500858fd2,c80cccfc575494275cfb9d9fbb6a6800b1e7409d,2016,scala,,CWE-404,,
krb5,krb5,df17a1224a3406f57477bcd372c61e04c0e5a5bb,c546a30c7c9299a419f757768a3349bde09c9cd4,2015,c,CVE-2015-8629,CWE-200,2.1,LOW
cakephp,cakephp,df5c02aa8fe8220e432fe72a3bff1e09a2239f85,12aea2c0f74f7d74e9dd0d25433992fd14ae28ca,2007,php,,CWE-89,,
rs,SDWebImage,dfa03af19f38c74160fc9d5abbcf2d20d1de1f18,a8d5b3ec72a94fa9a9e632dbdbf8463e8bec923d,2012,m,,CWE-401,,
moodle,moodle,e101802eb5e6bfdf3e49738b13b6725348a93c99,59b292077867dfa0d942da8ab565f29e3fa89b03,2004,php,,CWE-22,,
josh,rails,e115ace02a88290d2fc707b4979f23728c300950,db8b636e50ee8a138f48117e8e8ad057cc7527a4,2013,rb,CVE-2013-1857,CWE-79,4.3,MEDIUM
realm,realm-cocoa,e20ecff78ffe34cbfb5d6fcfcf334deef82803d3,d24a6b33ee7048dca2e6cd94ac3ed4a2904644d7,2013,mm,,CWE-401,,
openssl,openssl,e408c09bbf7c3057bda4b8d20bec1b3a7771c15b,a449b47c7d8e20efc8cc524ed695a060b11ef889,2016,c,CVE-2016-6304,CWE-399,7.8,HIGH
php,php-src,e41f600365fe9f27727a62a850a4d55416ae856f,c22da81b71abe8c41a94fdea4e95a2bca8ec926d,2015,c,,CWE-416,,
cakephp,cakephp,e421b3bc8fe35747c42f9ab1e765acfcb13099d3,545f4d281141951565834c02745a4994c087e749,2011,php,,CWE-352,,
cakephp,cakephp,e431e86aa4301ced4273dc7919b59362cbb353cb,eb76ab95f23ba9daa2b97b365f63a783a7d302cc,2010,php,CVE-2010-4335,CWE-20,7.5,HIGH
FFmpeg,FFmpeg,e43a0a232dbf6d3c161823c2e07c52e76227a1bc,bc4e7985628134496104e32f37f811aab4f68c55,2013,c,CVE-2013-4263,CWE-119,7.5,HIGH
Graylog2,graylog2-server,e572b56aa6c45a4a3f1d26fbed9e11dcbe3b58cc,f1ab40d91f12dc9b1a50d633a21c5cd67c7aca36,2012,rb,,CWE-79,,
MPOS,php-mpos,e5c97201741671a45bae2334eec49739c7495f59,9ccb5e15bc2383c30e160b0fd3a71b84e6b14acb,2014,php,,CWE-352,,
edx,edx-platform,e5ca9618ea5ae9f2fc11ea5a8c9f479b1430d84c,79c1cf19a065b99d896b81b292b588762bedc6db,2012,py,,,,
openssl,openssl,e5cb2603652b868225adc1db3db531a07c13b562,6aecef815c3c989f6fa2a7b6edf2984e76306622,2001,c,,,,
curl,curl,e5d8693865b44ecfbafbe15a7850d6e8dbb051e9,46c92c0b806da041d7a5c6fb64dbcdc474d99b31,2007,c,,CWE-401,,
moodle,moodle,e5e02e46861f9c1b88782cb1ef8737253412be33,36ea9a6c98505cbe34c2af0be6c984be97cb0656,2008,php,MDL-15184,CWE-89,,
josh,rails,e63be2769c039e4e9ada523a8497ce3206cc8a9b,6daa46621b7145fcf948f48bed01d3cfe9221613,2014,rb,,CWE-401,,
moodle,moodle,e65ce4c1d028b8aba0dcda6b8dee9d0692a0a6fb,a7ca080c208fa10fb07158e2162f6afad64da655,2010,php,MDLSITE-1007 ,,,
openssl,openssl,e677e8d13595f7b3287f8feef7676feb301b0e8a,d3cc5e610d1719a35cda52c9152134b490a8c944,2015,c,CVE-2015-0286,CWE-17,5,MEDIUM
php,php-src,e69b1ff2c43fbfd672097e9f8b25dead81f34ccf,da400e7500e236a332b8104b373e60e842bbd63e,2010,c,CVE-2010-3870,CWE-20,6.8,MEDIUM
spring-projects,spring-security-oauth,e703d747af332746895a02f75045c68255395c5c,0da337aef2979db848bc2e091a2b2a206412c62c,2011,java,SECOAUTH-36,,,Minor
MISP,MISP,e74aabf924db998dccdd444109263a38caf6f39a,8e8f41ab13e574ef2b98408229dd5cf4613afb9a,2013,php,,CWE-79,,
mantisbt,mantisbt,e881dd79df422033bbea88914fc0a717fae40358,ecef0e9b523a460709e8feedfce72f05bb30b992,2017,php,CVE-2017-7309,CWE-79,3.5,LOW
mantisbt,mantisbt,e8bdd248213d2de9cfe1f9bd4bd9dc12b2f5fc73,622afd2d4bd40cc713d3e8ee7fa1d44fe5dfadd6,2014,php,CVE-2014-2238,CWE-89,6.5,MEDIUM
openssl,openssl,e97763c92c655dcf4af2860b3abd2bc4c8a267f9,652c52a602b4c88cfadb99e85ef175441b7f5d18,2016,c,CVE-2016-6302,CWE-20,5,MEDIUM
rubinius,rubinius,e9e2c98091069ebf5d82c0fe2430c8266eadbe0d,dd7f76febefbb62c1259f2abc3252378c386b427,2013,cpp,,CWE-401,,
torvalds,linux,ea8ee240251cbac73b66d70d35eeabfbff86d3ce,89fd2e282ad510f801c1f44a660086f9d5bdf088,2008,c,,CWE-404,,
josh,rails,eb5033ad6b4a12a32e1493fb5b9aeee9eb75f10e,0ee1cb2cd32bfaf47deaf5440dd5b9cf0915ab6a,2007,rb,,CWE-384,,
google,google-authenticator,eb7748cded7b14b907b7ebdec0581b6bb1e7e77e,59d1b79139b5b29d652780fce1906cb632c2eab9,2012,c,,CWE-401,,
splitbrain,dokuwiki,ebbef3b12bf9150995d42ebb1bb170b38169b443,0265c2046291f04cccff5234f3b9d47630d77192,2008,php,,CWE-79,,
josh,rails,ebfa43c423ac16bb699424d8d3db11855dd79a91,76797b443929005f43512a147e97f02f3145ed81,2008,rb,CVE-2008-3790,CWE-20,5,MEDIUM
nextcloud,server,ec1596054f9c9da9aae958b02e441185bd1b9f79,98d0d48b54764162cfa9315e3c1f42915801d16f,2014,php,,,,
WordPress,WordPress,ec1ca2236fc693ada675688d7e9ae19bd7d7a49f,19848b9d90b63469d3c70b7e79400d10795601d0,2009,php,,CWE-79,,
mantisbt,mantisbt,ecef0e9b523a460709e8feedfce72f05bb30b992,c83fe546e9f229542c88a9aede924bd5ce4663c6,2017,php,CVE-2017-7241,CWE-79,3.5,LOW
php,php-src,ed7d4977bb0e99153c67d2873488b8f572627c8a,d82d68742c69fc20a5180a2dbcca4cac52435931,2015,c,,CWE-843,,
cloudius-systems,osv,ed989d43b3198d80d75f442030070413cdfb5aaa,aff328352803b19294b4f8300bd0e20f0e1ba6b6,2014,py,,CWE-94,,
bmizerany,sinatra,ed98aed36f448f6521b404991aee41161c6756e2,01b1f4945e6e43aa670b7a68e6759fe1cb61b94a,2009,rb,,CWE-22,,
mantisbt,mantisbt,edb817991b99cd5538f102be26865fde7c6b7212,61e90d0653f1532010a00eddb70609395a42ec6c,2010,php,CVE-2010-3070,CWE-79,4.3,MEDIUM
openssl,openssl,ee1e3cac2e83abc77bcc8ff98729ca1e10fcc920,b7b8e948014d93e1eb6d954d0799ae68ab0e068b,2016,c,CVE-2016-2105,CWE-189,5,MEDIUM
pfsense,pfsense,ee3de7b191e3735b2d03a932809ed37e22e03177,034620d62ae1026679da444f860f0467ca572eb4,2015,php,,CWE-74,,
phpmyadmin,phpmyadmin,ee92eb9bab8e2d546756c1d4aec81ec7c8e44b83,dba2af651a53d5037296a1dc827081a94ef1062c,2015,php,,CWE-352,,
phpmyadmin,phpmyadmin,ef6c66dca1b0cb0a1a482477938cfc859d2baee3,79a34ff94cf801b7a158171b19b9cf98060d3f96,2016,php,CVE-2016-5703,CWE-89,7.5,HIGH
josh,rails,eede82ccb980d9d1c67cddc6972a7125ddab1949,26238ac1731208949312f4f91d75011a2da30d49,2007,rb,,CWE-79,,
mantisbt,mantisbt,f017e817762b3348d8c36f17324f07a62393656f,8bf42a625ee0d2372810acbde33be7a7fcc2aa17,2010,php,,,,
php,php-src,f06a069c462d37c2e009f6d1d93b8c8e7b713393,e8429400d40e3c3aa4b22ba701991d698a2f3b2f,2015,c,CVE-2015-6834,NVD-CWE-Other,7.5,HIGH
edx,edx-platform,f0e7dcd346f1b17505897bbe7b20365c88f51757,1961189819282cc9341889fc928f06a340b71ae5,2016,html,,CWE-79,,
pfsense,pfsense,f17f9f2891b459e3f119ced5857469b96c57dde9,35c9cd4463738ebfc07aa6099ebb8bd54e10434b,2010,inc,,,,
php,php-src,f1b2afc9d9e77edf41804f5dfc4e2069d8a12975,6477bb724e0c4e95dfc8f315cac4b7e7a692b0f8,2016,c,CVE-2016-10167,CWE-20,4.3,MEDIUM
facebook,fresco,f1e1f24de3d65aa06d51f7dde92651a3cb29ed76,6f92497f95bdfaef08ea69ba08453bb3094eb27c,2017,java,,CWE-402,,
moodle,moodle,f1f70bd4dde6cd1ea4bdb8ab28fa3d36a53b89d8,3fdc6226970bd9da9d202ba9800b8ed2a2689075,2011,php,MDL-23872,CWE-74,,Serious
deeplearning4j,deeplearning4j,f202f07bc5104a324e3217126db2261bd8c2f72e,5b85fe3577ca13836183057a79e02f92ec9f8d3c,2014,java,,CWE-121,,
curl,curl,f206d6c055d1008f0edb6d5d5920f0f300b9983a,add37cc49f241212bc29d19f9f80700458df6794,2013,c,CVE-2013-0249,CWE-119,7.5,HIGH
mantisbt,mantisbt,f21b56fa9060dbae9438b0d0dfb21dff090c1dd2,2d541e9897d7629762fbc43f1bf42463458da033,2017,php,CVE-2017-7620,CWE-352,4.3,MEDIUM
splitbrain,dokuwiki,f23f95941a400702f525923973f3612df6da82cb,6abea1c0be56a2cb5575c8921c3e6661ed565697,2015,php,,CWE-79,,
jersey,jersey,f2460a046b8d94f1140d6444a8dca494360310b4,b825ebd4f2e2670049f94d3aeecb364c92cfdf19,2104,java,,CWE-402,,
edx,edx-platform,f351b05031dfeda252518ea66f6e007884aa433d,9e8a24bfc0efc218da55ccbb3a92d9d95243cc45,2013,py,LMS-532,CWE-74,,
FFmpeg,FFmpeg,f31011e9abfb2ae75bb32bc44e2c34194c8dc40a,5dc6c0ea9ee7836df039c71259c7e538d7058243,2013,c,CVE-2013-7023,CWE-119,6.8,MEDIUM
WordPress,WordPress,f359dab72ea6c3666ba5df592d1efbb0afb5b13d,f52618027882684bff690b9428e4d3077075a900,2007,php,,,,
mantisbt,mantisbt,f5ac454eb63fde102347a021a2af0c535033d572,8414dc7a5e025958d44deb5f9a072e3caa0be381,2013,php,CVE-2013-0197,CWE-79,4.3,MEDIUM
openssl,openssl,f5c7f5dfbaf0d2f7d946d0fe86f08e6bcb36ed0d,5dfd03812c54ca72d5e4f3d866f270257e6af082,2016,c,CVE-2016-2179,CWE-399,5,MEDIUM
timburks,nu,f5ec423ec2090983f550575e76c51be4f8d1385f,8186b9cdaf1906f4bfa2a92229e2f95320e5d510,2008,m,,CWE-401,,
cakephp,cakephp,f5ed91137aa3d288d554f37b97423de2c7fea088,b088daf045a19c818d427e28d752566f3e7044e8,2010,php,,CWE-352,,
joomla,joomla-cms,f625ffbf83d7a9c5093b93b2e946a07129b4091a,2c968f0082f70e9597679a4359c5b26f391b3ac2,2006,php,,CWE-74,,
phpmyadmin,phpmyadmin,f63e1bb42a37401b2fdfcd2e66cce92b7ea2025c,951fb4dd79253a3aca8b6e386db77c1affcfc3a9,2011,php,,CWE-98,,
mantisbt,mantisbt,f66440902877103f312905257dbccdad02ab5a3b,f21b56fa9060dbae9438b0d0dfb21dff090c1dd2,2017,php,CVE-2017-7620,CWE-352,4.3,MEDIUM
owncloud,core,f6e61a296f67f71a1c6d5d5bf8d7e891cd708b43,9b3c4e8dc453a674c0f1aee8c60e9d7f24b34e49,2015,php,,,,
WordPress,WordPress,f72b21af23da6b6d54208e5c1d65ececdaa109c8,f91a5fd10ea7245e5b41e288624819a37adf290a,2015,php,CVE-2015-5714,CWE-79,4.3,MEDIUM
mantisbt,mantisbt,f779e3d4394a0638d822849863c4098421d911c5,b509ab380f91e84d9683dbfdb02206b88a9b86fb,2014,php,CVE-2014-8553,CWE-200,5,MEDIUM
zxing,zxing,f7392b3ffebd6c281e543914057b85922757f3d5,99ca70d7f301c45429f9d4c62e127c20f2bd2649,2010,cpp,,CWE-401,,
AFNetworking,AFNetworking,f801bc453c8c74d7cd92482a67b66537e72b4835,648c650ae700ceba6caf8f9753e7f1a1d1e8ee04,2011,m,,CWE-401,,
vanilla,vanilla,f8b4d1fab5e69a960a2a56c9817aab9bb5b46b66,0a22506c76ac419d390d5d1bde5ec5f48b195358,2011,php,,CWE-208,,
WordPress,WordPress,f8e7680cd61652b16d30948968adafe0d4dcdd54,02424959e4dbbbf3c989c6d36f5807b6bb3ad7d8,2016,php,,CWE-208,,
josh,rails,f92d6a07d0d01226fb80c82608d332843c01f2d6,44e6aa7e19928f401e8728ddc2f4d7f6e3d6e105,2006,rb,,CWE-401,,
openssl,openssl,f962541d0be200055e508641ddf3a8ec8819e4df,bf52165bda53524a267c784696bd074111a2f178,2016,c,CVE-2016-7053,CWE-476,5,MEDIUM
openssl,openssl,f9b6c0ba4c02497782f801e3c45688f3efaac55c,a029788b0e0c19cee4007cc1f73201cf2c13addf,2014,c,CVE-2014-0076,CWE-310,1.9,LOW
curl,curl,fa1ae0abcde5df8d0b3283299e3f246bedf7692c,38ed72cd3733e0d809c4b7023151d3f06e7274ef,2012,c,CVE-2012-4929,CWE-310,2.6,LOW
mattpass,ICEcoder,fa48d0d2f059fb8921e895b9e20e79de3c726154,ec44407e25b15bf70c734cae759092456d0e5c87,2014,php,,CWE-22,,
josh,rails,fad83d8cbbbd0862a758a1c09c7dcc6f74a25d60,64249223ebb2b51814d8764c498b14a12d072b83,2012,rb,,CWE-401,,
php,php-src,fb04dcf6dbb48aecd8d2dc986806cb58c8ae5282,8b14d3052ffcffa17d6e2be652f20e18f8f562ad,2015,c,CVE-2015-2305,CWE-189,6.8,MEDIUM
torvalds,linux,fc878efe84c342441706fcdf776e08fe455fe9c1,9f0df936b1b93a7fab5b9ed73009f43369c121ea,2016,c,,CWE-404,,
postgres,postgres,fcd15f13581f6d75c63d213220d5a94889206c1b,41f18f021a0882eccbeca62e2ed4b66c6b96e9c9,2016,c,CVE-2016-5424,CWE-94,4.6,MEDIUM
cakephp,cakephp,fcec8ef537e61573b9dfe43d2742c56b40473aaf,0c7720e8f8f795233b5809419bfa024c4bed9eb1,2014,php,,CWE-22,,
cloudius-systems,osv,fd905d5cf9139bac289fdd9551c56ca538f57f6f,6e438d21fe85ad73c6d9f4b3eae11e39a8d87643,2014,c,,CWE-667,,
php,php-src,fd9689745c44341b1bd6af4756f324be8abba2fb,b15f0ecc0f34364fd7ce924b4164be4e8198ff93,2016,c,CVE-2016-4540,NVD-CWE-Other,7.5,HIGH
openstack,nova,fdb73a2d445971c6158a80692c6f74094fd4193a,e5ed57dc3f93164ee8c09b13c60e7712736ad58a,2015,py,,,,
inspircd,inspircd,fe7dbd2c104c37f6f3af7d9f1646a3c332aea4a4,eba7e6655a21c752912995aa04355f0df112f8e5,2012,cpp,CVE-2012-1836,CWE-119,7.5,HIGH
josh,rails,fee0bc57385b564b2789d199969ac26409603188,90c9ae58010ee1a00c0eb5637533ed8b5e216ac2,2012,rb,CVE-2012-3424,CWE-287,5,MEDIUM
osTicket,osTicket,ff1d8b9e599a1ec315a9c34c279ba3645218c766,03a84301e2e0e6875058814e877b7f7cffa33a98,2012,php,,CWE-352,,
apache,cassandra,ffbcb4b11b40c52253b02098ca0225b9cf426cd2,4d637f1f1b62593e0c52e49966e3f286bf65c3e9,2012,java,CASSANDRA-4820,CWE-403,,